country_region,sub_region_1,sub_region_2,date,retail_and_recreation_percent_change_from_baseline,grocery_and_pharmacy_percent_change_from_baseline,parks_percent_change_from_baseline,transit_stations_percent_change_from_baseline,workplaces_percent_change_from_baseline,residential_percent_change_from_baseline
United States,Massachusetts,Suffolk County,2020-02-15,6.0,-2.0,6.0,1.0,-1.0,0.0
United States,Massachusetts,Suffolk County,2020-02-16,12.0,-4.0,13.0,-2.0,1.0,0.0
United States,Massachusetts,Suffolk County,2020-02-17,3.0,-4.0,16.0,-27.0,-44.0,10.0
United States,Massachusetts,Suffolk County,2020-02-18,-7.0,-10.0,-17.0,-3.0,-8.0,3.0
United States,Massachusetts,Suffolk County,2020-02-19,0.0,-1.0,-2.0,-3.0,-7.0,2.0
United States,Massachusetts,Suffolk County,2020-02-20,0.0,-2.0,-2.0,-2.0,-6.0,2.0
United States,Massachusetts,Suffolk County,2020-02-21,-2.0,-7.0,-9.0,-4.0,-4.0,3.0
United States,Massachusetts,Suffolk County,2020-02-22,10.0,4.0,41.0,4.0,4.0,-1.0
United States,Massachusetts,Suffolk County,2020-02-23,9.0,2.0,61.0,4.0,5.0,-1.0
United States,Massachusetts,Suffolk County,2020-02-24,3.0,2.0,50.0,2.0,4.0,-1.0
United States,Massachusetts,Suffolk County,2020-02-25,1.0,-2.0,13.0,2.0,3.0,0.0
United States,Massachusetts,Suffolk County,2020-02-26,2.0,1.0,4.0,6.0,2.0,0.0
United States,Massachusetts,Suffolk County,2020-02-27,7.0,1.0,5.0,7.0,1.0,0.0
United States,Massachusetts,Suffolk County,2020-02-28,8.0,3.0,3.0,8.0,4.0,0.0
United States,Massachusetts,Suffolk County,2020-02-29,17.0,5.0,66.0,13.0,2.0,-1.0
United States,Massachusetts,Suffolk County,2020-03-01,11.0,1.0,5.0,12.0,3.0,-1.0
United States,Massachusetts,Suffolk County,2020-03-02,4.0,6.0,21.0,3.0,2.0,-1.0
United States,Massachusetts,Suffolk County,2020-03-03,10.0,7.0,41.0,1.0,0.0,-1.0
United States,Massachusetts,Suffolk County,2020-03-04,0.0,2.0,1.0,-2.0,0.0,0.0
United States,Massachusetts,Suffolk County,2020-03-05,4.0,9.0,25.0,-1.0,1.0,-1.0
United States,Massachusetts,Suffolk County,2020-03-06,0.0,1.0,1.0,-3.0,2.0,1.0
United States,Massachusetts,Suffolk County,2020-03-07,7.0,6.0,21.0,-3.0,1.0,-1.0
United States,Massachusetts,Suffolk County,2020-03-08,5.0,2.0,34.0,-4.0,2.0,-1.0
United States,Massachusetts,Suffolk County,2020-03-09,8.0,9.0,98.0,-5.0,0.0,0.0
United States,Massachusetts,Suffolk County,2020-03-10,0.0,7.0,26.0,-10.0,-2.0,1.0
United States,Massachusetts,Suffolk County,2020-03-11,-2.0,15.0,13.0,-13.0,-6.0,2.0
United States,Massachusetts,Suffolk County,2020-03-12,-8.0,28.0,1.0,-21.0,-10.0,5.0
United States,Massachusetts,Suffolk County,2020-03-13,-20.0,24.0,-23.0,-30.0,-17.0,9.0
United States,Massachusetts,Suffolk County,2020-03-14,-19.0,17.0,19.0,-25.0,-8.0,4.0
United States,Massachusetts,Suffolk County,2020-03-15,-26.0,2.0,3.0,-31.0,-12.0,6.0
United States,Massachusetts,Suffolk County,2020-03-16,-27.0,9.0,-18.0,-46.0,-34.0,14.0
United States,Massachusetts,Suffolk County,2020-03-17,-45.0,-6.0,-33.0,-55.0,-48.0,21.0
United States,Massachusetts,Suffolk County,2020-03-18,-46.0,-5.0,4.0,-58.0,-50.0,21.0
United States,Massachusetts,Suffolk County,2020-03-19,-55.0,-13.0,-52.0,-65.0,-54.0,25.0
United States,Massachusetts,Suffolk County,2020-03-20,-51.0,2.0,-11.0,-64.0,-52.0,24.0
United States,Massachusetts,Suffolk County,2020-03-21,-55.0,-5.0,2.0,-60.0,-40.0,14.0
United States,Massachusetts,Suffolk County,2020-03-22,-60.0,-23.0,-26.0,-67.0,-42.0,14.0
United States,Massachusetts,Suffolk County,2020-03-23,-55.0,-15.0,-51.0,-73.0,-58.0,25.0
United States,Massachusetts,Suffolk County,2020-03-24,-62.0,-24.0,-31.0,-75.0,-63.0,28.0
United States,Massachusetts,Suffolk County,2020-03-25,-66.0,-29.0,-47.0,-77.0,-65.0,30.0
United States,Massachusetts,Suffolk County,2020-03-26,-63.0,-22.0,-14.0,-76.0,-65.0,29.0
United States,Massachusetts,Suffolk County,2020-03-27,-63.0,-23.0,-9.0,-76.0,-63.0,30.0
United States,Massachusetts,Suffolk County,2020-03-28,-65.0,-25.0,-10.0,-72.0,-50.0,18.0
United States,Massachusetts,Suffolk County,2020-03-29,-71.0,-41.0,-68.0,-79.0,-51.0,18.0
United States,Massachusetts,Suffolk County,2020-03-30,-63.0,-29.0,-53.0,-79.0,-65.0,29.0
United States,Massachusetts,Suffolk County,2020-03-31,-62.0,-26.0,-33.0,-78.0,-66.0,29.0
United States,Massachusetts,Suffolk County,2020-04-01,-63.0,-21.0,-41.0,-78.0,-67.0,29.0
United States,Massachusetts,Suffolk County,2020-04-02,-66.0,-24.0,-55.0,-81.0,-68.0,31.0
United States,Massachusetts,Suffolk County,2020-04-03,-69.0,-29.0,-71.0,-82.0,-67.0,34.0
United States,Massachusetts,Suffolk County,2020-04-04,-66.0,-16.0,-24.0,-74.0,-53.0,19.0
United States,Massachusetts,Suffolk County,2020-04-05,-67.0,-29.0,-28.0,-78.0,-52.0,17.0
United States,Massachusetts,Suffolk County,2020-04-06,-62.0,-23.0,-14.0,-79.0,-67.0,28.0
United States,Massachusetts,Suffolk County,2020-04-07,-63.0,-26.0,-20.0,-80.0,-69.0,30.0
United States,Massachusetts,Suffolk County,2020-04-08,-67.0,-28.0,-47.0,-81.0,-69.0,31.0
United States,Massachusetts,Suffolk County,2020-04-09,-70.0,-34.0,-64.0,-83.0,-70.0,33.0
United States,Massachusetts,Suffolk County,2020-04-10,-69.0,-26.0,-58.0,-81.0,-69.0,34.0
United States,Massachusetts,Suffolk County,2020-04-11,-66.0,-19.0,-26.0,-76.0,-55.0,20.0
United States,Massachusetts,Suffolk County,2020-04-12,-74.0,-46.0,-25.0,-80.0,-54.0,18.0
United States,Massachusetts,Suffolk County,2020-04-13,-72.0,-47.0,-72.0,-84.0,-69.0,32.0
United States,Massachusetts,Suffolk County,2020-04-14,-64.0,-27.0,-28.0,-80.0,-68.0,29.0
United States,Massachusetts,Suffolk County,2020-04-15,-64.0,-29.0,-41.0,-81.0,-68.0,30.0
United States,Massachusetts,Suffolk County,2020-04-16,-65.0,-28.0,-46.0,-81.0,-68.0,31.0
United States,Massachusetts,Suffolk County,2020-04-17,-66.0,-30.0,-48.0,-80.0,-66.0,32.0
United States,Massachusetts,Suffolk County,2020-04-18,-72.0,-37.0,-65.0,-80.0,-54.0,22.0
United States,Massachusetts,Suffolk County,2020-04-19,-63.0,-32.0,-1.0,-77.0,-49.0,16.0
United States,Massachusetts,Suffolk County,2020-04-20,-63.0,-33.0,-41.0,-82.0,-70.0,30.0
United States,Massachusetts,Suffolk County,2020-04-21,-66.0,-38.0,-56.0,-82.0,-68.0,31.0
United States,Massachusetts,Suffolk County,2020-04-22,-65.0,-32.0,-53.0,-81.0,-68.0,30.0
United States,Massachusetts,Suffolk County,2020-04-23,-63.0,-27.0,-28.0,-81.0,-67.0,30.0
United States,Massachusetts,Suffolk County,2020-04-24,-69.0,-36.0,-67.0,-82.0,-66.0,34.0
United States,Massachusetts,Suffolk County,2020-04-25,-63.0,-24.0,4.0,-73.0,-50.0,17.0
United States,Massachusetts,Suffolk County,2020-04-26,-69.0,-41.0,-59.0,-81.0,-51.0,18.0
United States,Massachusetts,Suffolk County,2020-04-27,-68.0,-42.0,-68.0,-83.0,-67.0,31.0
United States,Massachusetts,Suffolk County,2020-04-28,-61.0,-29.0,-36.0,-80.0,-66.0,23.0
United States,Massachusetts,Suffolk County,2020-04-29,-60.0,-28.0,-29.0,-79.0,-66.0,28.0
United States,Massachusetts,Suffolk County,2020-04-30,-64.0,-28.0,-49.0,-81.0,-67.0,30.0
United States,Massachusetts,Suffolk County,2020-05-01,-64.0,-26.0,-46.0,-79.0,-64.0,31.0
United States,Massachusetts,Suffolk County,2020-05-02,-58.0,-16.0,21.0,-70.0,-46.0,15.0
United States,Massachusetts,Suffolk County,2020-05-03,-57.0,-25.0,38.0,-73.0,-44.0,13.0
United States,Massachusetts,Suffolk County,2020-05-04,-57.0,-25.0,-19.0,-79.0,-64.0,26.0
United States,Massachusetts,Suffolk County,2020-05-05,-56.0,-22.0,-21.0,-78.0,-65.0,27.0
United States,Massachusetts,Suffolk County,2020-05-06,-60.0,-26.0,-31.0,-79.0,-65.0,28.0
United States,Massachusetts,Suffolk County,2020-05-07,-59.0,-21.0,-14.0,-78.0,-65.0,28.0
United States,Massachusetts,Suffolk County,2020-05-08,-62.0,-23.0,-45.0,-78.0,-62.0,30.0
United States,Massachusetts,Suffolk County,2020-05-09,-63.0,-18.0,-49.0,-75.0,-46.0,17.0
United States,Massachusetts,Suffolk County,2020-05-10,-57.0,-21.0,-19.0,-75.0,-42.0,13.0
United States,Massachusetts,Suffolk County,2020-05-11,-61.0,-32.0,-41.0,-79.0,-63.0,27.0
United States,Massachusetts,Suffolk County,2020-05-12,-58.0,-24.0,-24.0,-78.0,-63.0,27.0
United States,Massachusetts,Suffolk County,2020-05-13,-58.0,-23.0,-15.0,-77.0,-63.0,26.0
United States,Massachusetts,Suffolk County,2020-05-14,-57.0,-19.0,10.0,-76.0,-63.0,26.0
United States,Massachusetts,Suffolk County,2020-05-15,-59.0,-25.0,-16.0,-76.0,-61.0,28.0
United States,Massachusetts,Suffolk County,2020-05-16,-58.0,-21.0,18.0,-70.0,-43.0,14.0
United States,Massachusetts,Suffolk County,2020-05-17,-58.0,-28.0,0.0,-74.0,-39.0,13.0
United States,Massachusetts,Suffolk County,2020-05-18,-56.0,-26.0,-22.0,-77.0,-61.0,25.0
United States,Massachusetts,Suffolk County,2020-05-19,-55.0,-24.0,-13.0,-76.0,-61.0,25.0
United States,Massachusetts,Suffolk County,2020-05-20,-55.0,-22.0,0.0,-75.0,-61.0,25.0
United States,Massachusetts,Suffolk County,2020-05-21,-54.0,-18.0,24.0,-74.0,-61.0,24.0
United States,Massachusetts,Suffolk County,2020-05-22,-55.0,-18.0,25.0,-72.0,-58.0,24.0
United States,Massachusetts,Suffolk County,2020-05-23,-60.0,-22.0,-18.0,-71.0,-39.0,14.0
United States,Massachusetts,Suffolk County,2020-05-24,-54.0,-24.0,15.0,-72.0,-37.0,11.0
United States,Massachusetts,Suffolk County,2020-05-25,-57.0,-30.0,0.0,-81.0,-75.0,27.0
United States,Massachusetts,Suffolk County,2020-05-26,-51.0,-22.0,23.0,-73.0,-58.0,22.0
United States,Massachusetts,Suffolk County,2020-05-27,-50.0,-19.0,34.0,-73.0,-58.0,22.0
United States,Massachusetts,Suffolk County,2020-05-28,-53.0,-18.0,9.0,-74.0,-58.0,24.0
United States,Massachusetts,Suffolk County,2020-05-29,-54.0,-20.0,4.0,-72.0,-55.0,25.0
United States,Massachusetts,Suffolk County,2020-05-30,-52.0,-13.0,55.0,-64.0,-28.0,11.0
United States,Massachusetts,Suffolk County,2020-05-31,-49.0,-18.0,72.0,-63.0,-27.0,9.0
United States,Massachusetts,Suffolk County,2020-06-01,-48.0,-21.0,-2.0,-72.0,-55.0,22.0
United States,Massachusetts,Suffolk County,2020-06-02,-50.0,-21.0,21.0,-71.0,-56.0,22.0
United States,Massachusetts,Suffolk County,2020-06-03,-50.0,-17.0,20.0,-71.0,-56.0,22.0
United States,Massachusetts,Suffolk County,2020-06-04,-49.0,-13.0,34.0,-71.0,-56.0,21.0
United States,Massachusetts,Suffolk County,2020-06-05,-52.0,-20.0,3.0,-70.0,-53.0,23.0
United States,Massachusetts,Suffolk County,2020-06-06,-53.0,-19.0,25.0,-64.0,-29.0,11.0
United States,Massachusetts,Suffolk County,2020-06-07,-50.0,-23.0,15.0,-66.0,-28.0,10.0
United States,Massachusetts,Suffolk County,2020-06-08,-45.0,-17.0,42.0,-69.0,-53.0,19.0
United States,Massachusetts,Suffolk County,2020-06-09,-47.0,-20.0,18.0,-71.0,-55.0,21.0
United States,Massachusetts,Suffolk County,2020-06-10,-47.0,-18.0,21.0,-69.0,-55.0,21.0
United States,Massachusetts,Suffolk County,2020-06-11,-52.0,-22.0,-19.0,-70.0,-55.0,23.0
United States,Massachusetts,Suffolk County,2020-06-12,-46.0,-16.0,39.0,-66.0,-51.0,19.0
United States,Massachusetts,Suffolk County,2020-06-13,-45.0,-13.0,78.0,-58.0,-24.0,7.0
United States,Massachusetts,Suffolk County,2020-06-14,-42.0,-20.0,68.0,-62.0,-23.0,7.0
United States,Massachusetts,Suffolk County,2020-06-15,-42.0,-18.0,28.0,-67.0,-53.0,19.0
United States,Massachusetts,Suffolk County,2020-06-16,-41.0,-17.0,43.0,-67.0,-54.0,19.0
United States,Massachusetts,Suffolk County,2020-06-17,-42.0,-15.0,47.0,-66.0,-54.0,19.0
United States,Massachusetts,Suffolk County,2020-06-18,-43.0,-11.0,56.0,-67.0,-54.0,18.0
United States,Massachusetts,Suffolk County,2020-06-19,-45.0,-15.0,46.0,-65.0,-51.0,17.0
United States,Massachusetts,Suffolk County,2020-06-20,-45.0,-11.0,83.0,-56.0,-24.0,5.0
United States,Massachusetts,Suffolk County,2020-06-21,-44.0,-19.0,59.0,-61.0,-23.0,5.0
United States,Massachusetts,Suffolk County,2020-06-22,-40.0,-18.0,39.0,-66.0,-55.0,18.0
United States,Massachusetts,Suffolk County,2020-06-23,-40.0,-17.0,48.0,-66.0,-54.0,18.0
United States,Massachusetts,Suffolk County,2020-06-24,-43.0,-16.0,27.0,-66.0,-54.0,19.0
United States,Massachusetts,Suffolk County,2020-06-25,-41.0,-12.0,55.0,-64.0,-53.0,18.0
United States,Massachusetts,Suffolk County,2020-06-26,-43.0,-16.0,36.0,-64.0,-50.0,18.0
United States,Massachusetts,Suffolk County,2020-06-27,-45.0,-17.0,38.0,-57.0,-26.0,7.0
United States,Massachusetts,Suffolk County,2020-06-28,-48.0,-29.0,1.0,-63.0,-23.0,8.0
United States,Massachusetts,Suffolk County,2020-06-29,-42.0,-21.0,-6.0,-67.0,-53.0,19.0
United States,Massachusetts,Suffolk County,2020-06-30,-40.0,-19.0,-1.0,-68.0,-53.0,19.0
United States,Massachusetts,Suffolk County,2020-07-01,-37.0,-13.0,19.0,-64.0,-53.0,17.0
United States,Massachusetts,Suffolk County,2020-07-02,-32.0,-6.0,66.0,-61.0,-53.0,15.0
United States,Massachusetts,Suffolk County,2020-07-03,-38.0,-7.0,16.0,-66.0,-63.0,19.0
United States,Massachusetts,Suffolk County,2020-07-04,-51.0,-21.0,97.0,-58.0,-37.0,6.0
United States,Massachusetts,Suffolk County,2020-07-05,-42.0,-25.0,63.0,-57.0,-25.0,4.0
United States,Massachusetts,Suffolk County,2020-07-06,-35.0,-14.0,50.0,-63.0,-55.0,16.0
United States,Massachusetts,Suffolk County,2020-07-07,-36.0,-14.0,50.0,-62.0,-54.0,17.0
United States,Massachusetts,Suffolk County,2020-07-08,-39.0,-14.0,28.0,-64.0,-53.0,18.0
United States,Massachusetts,Suffolk County,2020-07-09,-38.0,-13.0,55.0,-64.0,-53.0,17.0
United States,Massachusetts,Suffolk County,2020-07-10,-42.0,-16.0,9.0,-63.0,-50.0,18.0
United States,Massachusetts,Suffolk County,2020-07-11,-38.0,-13.0,78.0,-53.0,-24.0,6.0
United States,Massachusetts,Suffolk County,2020-07-12,-37.0,-17.0,86.0,-55.0,-23.0,4.0
United States,Massachusetts,Suffolk County,2020-07-13,-37.0,-16.0,25.0,-65.0,-53.0,17.0
United States,Massachusetts,Suffolk County,2020-07-14,-38.0,-17.0,17.0,-64.0,-53.0,18.0
United States,Massachusetts,Suffolk County,2020-07-15,-35.0,-14.0,42.0,-63.0,-52.0,16.0
United States,Massachusetts,Suffolk County,2020-07-16,-35.0,-12.0,52.0,-63.0,-52.0,16.0
United States,Massachusetts,Suffolk County,2020-07-17,-41.0,-18.0,9.0,-63.0,-50.0,17.0
United States,Massachusetts,Suffolk County,2020-07-18,-38.0,-15.0,93.0,-52.0,-25.0,4.0
United States,Massachusetts,Suffolk County,2020-07-19,-38.0,-22.0,74.0,-56.0,-24.0,4.0
United States,Massachusetts,Suffolk County,2020-07-20,-36.0,-16.0,42.0,-64.0,-53.0,16.0
United States,Massachusetts,Suffolk County,2020-07-21,-35.0,-16.0,53.0,-64.0,-53.0,16.0
United States,Massachusetts,Suffolk County,2020-07-22,-38.0,-16.0,23.0,-64.0,-52.0,17.0
United States,Massachusetts,Suffolk County,2020-07-23,-41.0,-18.0,8.0,-65.0,-52.0,18.0
United States,Massachusetts,Suffolk County,2020-07-24,-37.0,-14.0,35.0,-62.0,-48.0,15.0
United States,Massachusetts,Suffolk County,2020-07-25,-36.0,-13.0,93.0,-51.0,-25.0,3.0
United States,Massachusetts,Suffolk County,2020-07-26,-35.0,-19.0,82.0,-56.0,-24.0,3.0
United States,Massachusetts,Suffolk County,2020-07-27,-36.0,-17.0,42.0,-64.0,-53.0,15.0
United States,Massachusetts,Suffolk County,2020-07-28,-36.0,-18.0,29.0,-65.0,-53.0,17.0
United States,Massachusetts,Suffolk County,2020-07-29,-35.0,-14.0,44.0,-63.0,-53.0,15.0
United States,Massachusetts,Suffolk County,2020-07-30,-37.0,-15.0,32.0,-62.0,-52.0,16.0
United States,Massachusetts,Suffolk County,2020-07-31,-36.0,-15.0,35.0,-60.0,-50.0,14.0
United States,Massachusetts,Suffolk County,2020-08-01,-34.0,-12.0,92.0,-49.0,-25.0,3.0
United States,Massachusetts,Suffolk County,2020-08-02,-35.0,-19.0,44.0,-55.0,-25.0,5.0
United States,Massachusetts,Suffolk County,2020-08-03,-32.0,-11.0,50.0,-62.0,-52.0,14.0
United States,Massachusetts,Suffolk County,2020-08-04,-39.0,-19.0,0.0,-66.0,-54.0,18.0
United States,Massachusetts,Suffolk County,2020-08-05,-35.0,-14.0,43.0,-64.0,-52.0,15.0
United States,Massachusetts,Suffolk County,2020-08-06,-36.0,-13.0,49.0,-63.0,-52.0,15.0
United States,Massachusetts,Suffolk County,2020-08-07,-38.0,-17.0,25.0,-63.0,-49.0,15.0
United States,Massachusetts,Suffolk County,2020-08-08,-34.0,-11.0,88.0,-53.0,-23.0,4.0
United States,Massachusetts,Suffolk County,2020-08-09,-35.0,-20.0,75.0,-56.0,-23.0,4.0
United States,Massachusetts,Suffolk County,2020-08-10,-35.0,-16.0,42.0,-64.0,-53.0,15.0
United States,Massachusetts,Suffolk County,2020-08-11,-37.0,-18.0,40.0,-65.0,-53.0,15.0
United States,Massachusetts,Suffolk County,2020-08-12,-38.0,-16.0,33.0,-64.0,-52.0,16.0
United States,Massachusetts,Suffolk County,2020-08-13,-38.0,-12.0,44.0,-63.0,-52.0,16.0
United States,Massachusetts,Suffolk County,2020-08-14,-39.0,-16.0,34.0,-61.0,-49.0,15.0
United States,Massachusetts,Suffolk County,2020-08-15,-39.0,-15.0,46.0,-52.0,-26.0,5.0
United States,Massachusetts,Suffolk County,2020-08-16,-38.0,-22.0,11.0,-56.0,-26.0,6.0
United States,Massachusetts,Suffolk County,2020-08-17,-36.0,-16.0,34.0,-63.0,-52.0,15.0
United States,Massachusetts,Suffolk County,2020-08-18,-37.0,-17.0,48.0,-63.0,-51.0,15.0
United States,Massachusetts,Suffolk County,2020-08-19,-39.0,-19.0,23.0,-64.0,-52.0,16.0
United States,Massachusetts,Suffolk County,2020-08-20,-36.0,-14.0,59.0,-62.0,-51.0,14.0
United States,Massachusetts,Suffolk County,2020-08-21,-37.0,-17.0,42.0,-61.0,-48.0,14.0
United States,Massachusetts,Suffolk County,2020-08-22,-37.0,-15.0,75.0,-52.0,-25.0,4.0
United States,Massachusetts,Suffolk County,2020-08-23,-38.0,-25.0,40.0,-56.0,-24.0,4.0
United States,Massachusetts,Suffolk County,2020-08-24,-34.0,-16.0,45.0,-63.0,-51.0,14.0
United States,Massachusetts,Suffolk County,2020-08-25,-35.0,-18.0,38.0,-63.0,-52.0,15.0
United States,Massachusetts,Suffolk County,2020-08-26,-34.0,-16.0,52.0,-62.0,-51.0,14.0
United States,Massachusetts,Suffolk County,2020-08-27,-39.0,-19.0,2.0,-64.0,-52.0,17.0
United States,Massachusetts,Suffolk County,2020-08-28,-35.0,-16.0,45.0,-60.0,-48.0,14.0
United States,Massachusetts,Suffolk County,2020-08-29,-38.0,-18.0,12.0,-55.0,-26.0,7.0
United States,Massachusetts,Suffolk County,2020-08-30,-25.0,-16.0,100.0,-51.0,-21.0,2.0
United States,Massachusetts,Suffolk County,2020-08-31,-31.0,-16.0,44.0,-61.0,-51.0,13.0
United States,Massachusetts,Suffolk County,2020-09-01,-27.0,-10.0,46.0,-61.0,-52.0,13.0
United States,Massachusetts,Suffolk County,2020-09-02,-39.0,-19.0,-14.0,-64.0,-53.0,16.0
United States,Massachusetts,Suffolk County,2020-09-03,-33.0,-9.0,29.0,-60.0,-51.0,14.0
United States,Massachusetts,Suffolk County,2020-09-04,-33.0,-12.0,41.0,-57.0,-48.0,12.0
United States,Massachusetts,Suffolk County,2020-09-05,-30.0,-9.0,92.0,-48.0,-24.0,2.0
United States,Massachusetts,Suffolk County,2020-09-06,-26.0,-16.0,89.0,-52.0,-24.0,2.0
United States,Massachusetts,Suffolk County,2020-09-07,-33.0,-19.0,92.0,-67.0,-72.0,17.0
United States,Massachusetts,Suffolk County,2020-09-08,-35.0,-18.0,36.0,-61.0,-53.0,14.0
United States,Massachusetts,Suffolk County,2020-09-09,-37.0,-15.0,32.0,-63.0,-51.0,15.0
United States,Massachusetts,Suffolk County,2020-09-10,-40.0,-17.0,-3.0,-63.0,-51.0,16.0
United States,Massachusetts,Suffolk County,2020-09-11,-37.0,-15.0,17.0,-61.0,-47.0,15.0
United States,Massachusetts,Suffolk County,2020-09-12,-30.0,-10.0,76.0,-51.0,-21.0,4.0
United States,Massachusetts,Suffolk County,2020-09-13,-31.0,-16.0,63.0,-55.0,-21.0,5.0
United States,Massachusetts,Suffolk County,2020-09-14,-33.0,-15.0,32.0,-62.0,-47.0,14.0
United States,Massachusetts,Suffolk County,2020-09-15,-32.0,-17.0,14.0,-63.0,-49.0,15.0
United States,Massachusetts,Suffolk County,2020-09-16,-35.0,-17.0,23.0,-63.0,-49.0,15.0
United States,Massachusetts,Suffolk County,2020-09-17,-35.0,-14.0,32.0,-61.0,-49.0,14.0
United States,Massachusetts,Suffolk County,2020-09-18,-36.0,-17.0,6.0,-60.0,-45.0,15.0
United States,Massachusetts,Suffolk County,2020-09-19,-30.0,-12.0,54.0,-51.0,-19.0,4.0
United States,Massachusetts,Suffolk County,2020-09-20,-30.0,-17.0,37.0,-55.0,-21.0,5.0
United States,Massachusetts,Suffolk County,2020-09-21,-36.0,-18.0,14.0,-63.0,-49.0,15.0
United States,Massachusetts,Suffolk County,2020-09-22,-36.0,-20.0,2.0,-64.0,-50.0,16.0
United States,Massachusetts,Suffolk County,2020-09-23,-36.0,-17.0,21.0,-62.0,-49.0,15.0
United States,Massachusetts,Suffolk County,2020-09-24,-36.0,-15.0,23.0,-62.0,-48.0,15.0
United States,Massachusetts,Suffolk County,2020-09-25,-35.0,-17.0,17.0,-60.0,-44.0,14.0
United States,Massachusetts,Suffolk County,2020-09-26,-30.0,-12.0,73.0,-50.0,-18.0,3.0
United States,Massachusetts,Suffolk County,2020-09-27,-32.0,-18.0,43.0,-54.0,-19.0,4.0
United States,Massachusetts,Suffolk County,2020-09-28,-36.0,-18.0,14.0,-62.0,-48.0,15.0
United States,Massachusetts,Suffolk County,2020-09-29,-35.0,-19.0,14.0,-63.0,-48.0,15.0
United States,Massachusetts,Suffolk County,2020-09-30,-38.0,-16.0,1.0,-63.0,-49.0,16.0
United States,Massachusetts,Suffolk County,2020-10-01,-34.0,-10.0,24.0,-61.0,-46.0,14.0
United States,Massachusetts,Suffolk County,2020-10-02,-37.0,-14.0,-6.0,-59.0,-44.0,15.0
United States,Massachusetts,Suffolk County,2020-10-03,-31.0,-8.0,51.0,-50.0,-18.0,3.0
United States,Massachusetts,Suffolk County,2020-10-04,-31.0,-14.0,39.0,-54.0,-19.0,4.0
United States,Massachusetts,Suffolk County,2020-10-05,-37.0,-14.0,7.0,-61.0,-47.0,15.0
United States,Massachusetts,Suffolk County,2020-10-06,-35.0,-17.0,12.0,-62.0,-48.0,15.0
United States,Massachusetts,Suffolk County,2020-10-07,-40.0,-18.0,-8.0,-63.0,-48.0,16.0
United States,Massachusetts,Suffolk County,2020-10-08,-36.0,-13.0,7.0,-60.0,-47.0,15.0
United States,Massachusetts,Suffolk County,2020-10-09,-37.0,-15.0,0.0,-59.0,-44.0,14.0
United States,Massachusetts,Suffolk County,2020-10-10,-31.0,-10.0,66.0,-48.0,-19.0,4.0
United States,Massachusetts,Suffolk County,2020-10-11,-30.0,-18.0,34.0,-52.0,-21.0,4.0
United States,Massachusetts,Suffolk County,2020-10-12,-41.0,-20.0,-16.0,-68.0,-61.0,18.0
United States,Massachusetts,Suffolk County,2020-10-13,-48.0,-31.0,-48.0,-66.0,-51.0,19.0
United States,Massachusetts,Suffolk County,2020-10-14,-37.0,-11.0,15.0,-61.0,-47.0,15.0
United States,Massachusetts,Suffolk County,2020-10-15,-36.0,-12.0,22.0,-59.0,-47.0,15.0
United States,Massachusetts,Suffolk County,2020-10-16,-43.0,-22.0,-33.0,-61.0,-45.0,17.0
United States,Massachusetts,Suffolk County,2020-10-17,-32.0,-10.0,19.0,-51.0,-21.0,6.0
United States,Massachusetts,Suffolk County,2020-10-18,-32.0,-18.0,26.0,-52.0,-21.0,5.0
United States,Massachusetts,Suffolk County,2020-10-19,-38.0,-17.0,6.0,-61.0,-47.0,15.0
United States,Massachusetts,Suffolk County,2020-10-20,-38.0,-18.0,2.0,-62.0,-48.0,16.0
United States,Massachusetts,Suffolk County,2020-10-21,-40.0,-17.0,-4.0,-63.0,-48.0,17.0
United States,Massachusetts,Suffolk County,2020-10-22,-37.0,-13.0,14.0,-60.0,-47.0,16.0
United States,Massachusetts,Suffolk County,2020-10-23,-37.0,-15.0,1.0,-59.0,-44.0,16.0
United States,Massachusetts,Suffolk County,2020-10-24,-31.0,-11.0,44.0,-49.0,-21.0,5.0
United States,Massachusetts,Suffolk County,2020-10-25,-34.0,-18.0,2.0,-55.0,-23.0,6.0
United States,Massachusetts,Suffolk County,2020-10-26,-41.0,-20.0,-17.0,-62.0,-48.0,16.0
United States,Massachusetts,Suffolk County,2020-10-27,-38.0,-19.0,-13.0,-63.0,-49.0,16.0
United States,Massachusetts,Suffolk County,2020-10-28,-44.0,-22.0,-40.0,-65.0,-49.0,18.0
United States,Massachusetts,Suffolk County,2020-10-29,-45.0,-22.0,-43.0,-65.0,-48.0,18.0
United States,Massachusetts,Suffolk County,2020-10-30,-49.0,-27.0,-47.0,-65.0,-47.0,20.0
United States,Massachusetts,Suffolk County,2020-10-31,-36.0,-7.0,-6.0,-54.0,-21.0,6.0
United States,Massachusetts,Suffolk County,2020-11-01,-39.0,-21.0,-32.0,-56.0,-24.0,7.0
United States,Massachusetts,Suffolk County,2020-11-02,-40.0,-18.0,-32.0,-64.0,-47.0,16.0
United States,Massachusetts,Suffolk County,2020-11-03,-35.0,-14.0,-25.0,-65.0,-50.0,16.0
United States,Massachusetts,Suffolk County,2020-11-04,-43.0,-20.0,-17.0,-65.0,-49.0,18.0
United States,Massachusetts,Suffolk County,2020-11-05,-40.0,-15.0,2.0,-63.0,-47.0,17.0
United States,Massachusetts,Suffolk County,2020-11-06,-40.0,-19.0,-2.0,-61.0,-44.0,17.0
United States,Massachusetts,Suffolk County,2020-11-07,-32.0,-12.0,65.0,-51.0,-19.0,6.0
United States,Massachusetts,Suffolk County,2020-11-08,-32.0,-17.0,39.0,-55.0,-21.0,6.0
United States,Massachusetts,Suffolk County,2020-11-09,-38.0,-18.0,6.0,-63.0,-46.0,16.0
United States,Massachusetts,Suffolk County,2020-11-10,-37.0,-19.0,7.0,-64.0,-47.0,16.0
United States,Massachusetts,Suffolk County,2020-11-11,-40.0,-18.0,-6.0,-67.0,-55.0,19.0
United States,Massachusetts,Suffolk County,2020-11-12,-45.0,-19.0,-27.0,-64.0,-48.0,18.0
United States,Massachusetts,Suffolk County,2020-11-13,-47.0,-23.0,-46.0,-64.0,-45.0,20.0
United States,Massachusetts,Suffolk County,2020-11-14,-38.0,-12.0,0.0,-53.0,-21.0,7.0
United States,Massachusetts,Suffolk County,2020-11-15,-39.0,-21.0,-19.0,-56.0,-23.0,8.0
United States,Massachusetts,Suffolk County,2020-11-16,-42.0,-20.0,-24.0,-63.0,-47.0,17.0
United States,Massachusetts,Suffolk County,2020-11-17,-42.0,-22.0,-33.0,-65.0,-49.0,18.0
United States,Massachusetts,Suffolk County,2020-11-18,-45.0,-23.0,-40.0,-64.0,-49.0,18.0
United States,Massachusetts,Suffolk County,2020-11-19,-45.0,-18.0,-35.0,-64.0,-48.0,18.0
United States,Massachusetts,Suffolk County,2020-11-20,-42.0,-17.0,-18.0,-60.0,-44.0,17.0
United States,Massachusetts,Suffolk County,2020-11-21,-37.0,-13.0,13.0,-48.0,-18.0,7.0
United States,Massachusetts,Suffolk County,2020-11-22,-41.0,-21.0,-35.0,-56.0,-22.0,8.0
United States,Massachusetts,Suffolk County,2020-11-23,-45.0,-22.0,-45.0,-65.0,-48.0,18.0
United States,Massachusetts,Suffolk County,2020-11-24,-36.0,-7.0,-31.0,-61.0,-48.0,16.0
United States,Massachusetts,Suffolk County,2020-11-25,-31.0,10.0,-30.0,-61.0,-51.0,15.0
United States,Massachusetts,Suffolk County,2020-11-26,-81.0,-62.0,-59.0,-82.0,-82.0,29.0
United States,Massachusetts,Suffolk County,2020-11-27,-51.0,-31.0,-29.0,-70.0,-61.0,22.0
United States,Massachusetts,Suffolk County,2020-11-28,-46.0,-24.0,-12.0,-55.0,-23.0,9.0
United States,Massachusetts,Suffolk County,2020-11-29,-42.0,-26.0,-8.0,-54.0,-23.0,7.0
United States,Massachusetts,Suffolk County,2020-11-30,-49.0,-31.0,-48.0,-64.0,-49.0,19.0
United States,Massachusetts,Suffolk County,2020-12-01,-41.0,-18.0,-28.0,-63.0,-49.0,17.0
United States,Massachusetts,Suffolk County,2020-12-02,-44.0,-19.0,-36.0,-65.0,-49.0,18.0
United States,Massachusetts,Suffolk County,2020-12-03,-43.0,-14.0,-25.0,-64.0,-48.0,18.0
United States,Massachusetts,Suffolk County,2020-12-04,-44.0,-16.0,-29.0,-64.0,-44.0,18.0
United States,Massachusetts,Suffolk County,2020-12-05,-57.0,-32.0,-64.0,-66.0,-28.0,14.0
United States,Massachusetts,Suffolk County,2020-12-06,-43.0,-22.0,-39.0,-60.0,-24.0,9.0
United States,Massachusetts,Suffolk County,2020-12-07,-44.0,-21.0,-39.0,-66.0,-48.0,18.0
United States,Massachusetts,Suffolk County,2020-12-08,-45.0,-24.0,-44.0,-68.0,-49.0,18.0
United States,Massachusetts,Suffolk County,2020-12-09,-46.0,-22.0,-40.0,-67.0,-49.0,18.0
United States,Massachusetts,Suffolk County,2020-12-10,-45.0,-18.0,-30.0,-67.0,-48.0,18.0
United States,Massachusetts,Suffolk County,2020-12-11,-45.0,-20.0,-31.0,-65.0,-45.0,18.0
United States,Massachusetts,Suffolk County,2020-12-12,-47.0,-22.0,-39.0,-60.0,-22.0,10.0
United States,Massachusetts,Suffolk County,2020-12-13,-37.0,-18.0,8.0,-57.0,-21.0,7.0
United States,Massachusetts,Suffolk County,2020-12-14,-46.0,-24.0,-44.0,-67.0,-49.0,18.0
United States,Massachusetts,Suffolk County,2020-12-15,-41.0,-18.0,-40.0,-67.0,-49.0,17.0
United States,Massachusetts,Suffolk County,2020-12-16,-41.0,-4.0,-45.0,-67.0,-50.0,17.0
United States,Massachusetts,Suffolk County,2020-12-17,-76.0,-62.0,-62.0,-79.0,-74.0,34.0
United States,Massachusetts,Suffolk County,2020-12-18,-53.0,-29.0,-51.0,-62.0,-50.0,21.0
United States,Massachusetts,Suffolk County,2020-12-19,-45.0,-20.0,-29.0,-52.0,-23.0,9.0
United States,Massachusetts,Suffolk County,2020-12-20,-46.0,-25.0,-46.0,-57.0,-25.0,9.0
United States,Massachusetts,Suffolk County,2020-12-21,-39.0,-17.0,-38.0,-63.0,-50.0,16.0
United States,Massachusetts,Suffolk County,2020-12-22,-36.0,-12.0,-39.0,-62.0,-51.0,16.0
United States,Massachusetts,Suffolk County,2020-12-23,-34.0,-1.0,-37.0,-61.0,-51.0,15.0
United States,Massachusetts,Suffolk County,2020-12-24,-37.0,10.0,-29.0,-68.0,-60.0,17.0
United States,Massachusetts,Suffolk County,2020-12-25,-88.0,-75.0,-75.0,-86.0,-84.0,34.0
United States,Massachusetts,Suffolk County,2020-12-26,-54.0,-29.0,-34.0,-61.0,-30.0,11.0
United States,Massachusetts,Suffolk County,2020-12-27,-49.0,-33.0,-27.0,-57.0,-26.0,9.0
United States,Massachusetts,Suffolk County,2020-12-28,-42.0,-23.0,-17.0,-65.0,-55.0,18.0
United States,Massachusetts,Suffolk County,2020-12-29,-43.0,-24.0,-38.0,-67.0,-56.0,19.0
United States,Massachusetts,Suffolk County,2020-12-30,-41.0,-14.0,-36.0,-65.0,-55.0,18.0
United States,Massachusetts,Suffolk County,2020-12-31,-36.0,1.0,-23.0,-68.0,-58.0,18.0
United States,Massachusetts,Suffolk County,2021-01-01,-67.0,-49.0,-35.0,-79.0,-76.0,30.0
United States,Massachusetts,Suffolk County,2021-01-02,-53.0,-26.0,-35.0,-57.0,-31.0,12.0
United States,Massachusetts,Suffolk County,2021-01-03,-53.0,-31.0,-47.0,-56.0,-28.0,11.0
United States,Massachusetts,Suffolk County,2021-01-04,-47.0,-21.0,-39.0,-64.0,-51.0,18.0
United States,Massachusetts,Suffolk County,2021-01-05,-49.0,-25.0,-49.0,-68.0,-52.0,20.0
United States,Massachusetts,Suffolk County,2021-01-06,-50.0,-23.0,-43.0,-69.0,-52.0,20.0
United States,Massachusetts,Suffolk County,2021-01-07,-50.0,-22.0,-36.0,-68.0,-51.0,20.0
United States,Massachusetts,Suffolk County,2021-01-08,-51.0,-25.0,-44.0,-68.0,-47.0,20.0
United States,Massachusetts,Suffolk County,2021-01-09,-48.0,-22.0,-32.0,-61.0,-25.0,10.0
United States,Massachusetts,Suffolk County,2021-01-10,-47.0,-27.0,-20.0,-62.0,-27.0,9.0
United States,Massachusetts,Suffolk County,2021-01-11,-49.0,-26.0,-40.0,-69.0,-49.0,19.0
United States,Massachusetts,Suffolk County,2021-01-12,-47.0,-25.0,-36.0,-70.0,-51.0,19.0
United States,Massachusetts,Suffolk County,2021-01-13,-49.0,-24.0,-36.0,-69.0,-51.0,19.0
United States,Massachusetts,Suffolk County,2021-01-14,-52.0,-27.0,-49.0,-69.0,-51.0,19.0
United States,Massachusetts,Suffolk County,2021-01-15,-51.0,-26.0,-40.0,-67.0,-48.0,19.0
United States,Massachusetts,Suffolk County,2021-01-16,-54.0,-29.0,-41.0,-64.0,-30.0,11.0
United States,Massachusetts,Suffolk County,2021-01-17,-47.0,-30.0,-26.0,-64.0,-28.0,9.0
United States,Massachusetts,Suffolk County,2021-01-18,-48.0,-28.0,-20.0,-72.0,-63.0,21.0
United States,Massachusetts,Suffolk County,2021-01-19,-50.0,-29.0,-41.0,-70.0,-52.0,18.0
United States,Massachusetts,Suffolk County,2021-01-20,-53.0,-31.0,-43.0,-71.0,-52.0,20.0
United States,Massachusetts,Suffolk County,2021-01-21,-52.0,-27.0,-45.0,-70.0,-51.0,20.0
United States,Massachusetts,Suffolk County,2021-01-22,-51.0,-26.0,-41.0,-68.0,-47.0,19.0
United States,Massachusetts,Suffolk County,2021-01-23,-49.0,-26.0,-36.0,-63.0,-26.0,10.0
United States,Massachusetts,Suffolk County,2021-01-24,-52.0,-34.0,-50.0,-65.0,-28.0,10.0
United States,Massachusetts,Suffolk County,2021-01-25,-50.0,-28.0,-41.0,-68.0,-50.0,18.0
United States,Massachusetts,Suffolk County,2021-01-26,-51.0,-30.0,-44.0,-70.0,-52.0,19.0
United States,Massachusetts,Suffolk County,2021-01-27,-54.0,-33.0,-45.0,-71.0,-53.0,21.0
United States,Massachusetts,Suffolk County,2021-01-28,-53.0,-28.0,-49.0,-70.0,-51.0,20.0
United States,Massachusetts,Suffolk County,2021-01-29,-55.0,-35.0,-61.0,-71.0,-49.0,21.0
United States,Massachusetts,Suffolk County,2021-01-30,-51.0,-26.0,-52.0,-66.0,-28.0,11.0
United States,Massachusetts,Suffolk County,2021-01-31,-48.0,-23.0,-51.0,-63.0,-27.0,9.0
United States,Massachusetts,Suffolk County,2021-02-01,-55.0,-26.0,-55.0,-74.0,-55.0,22.0
United States,Massachusetts,Suffolk County,2021-02-02,-61.0,-44.0,-62.0,-75.0,-61.0,25.0
United States,Massachusetts,Suffolk County,2021-02-03,-50.0,-25.0,-49.0,-68.0,-51.0,19.0
United States,Massachusetts,Suffolk County,2021-02-04,-49.0,-22.0,-43.0,-68.0,-49.0,18.0
United States,Massachusetts,Suffolk County,2021-02-05,-49.0,-25.0,-50.0,-67.0,-46.0,19.0
United States,Massachusetts,Suffolk County,2021-02-06,-43.0,-13.0,-23.0,-61.0,-23.0,8.0
United States,Massachusetts,Suffolk County,2021-02-07,-59.0,-37.0,-51.0,-66.0,-30.0,11.0
United States,Massachusetts,Suffolk County,2021-02-08,-50.0,-28.0,-46.0,-68.0,-50.0,18.0
United States,Massachusetts,Suffolk County,2021-02-09,-54.0,-35.0,-54.0,-70.0,-53.0,21.0
United States,Massachusetts,Suffolk County,2021-02-10,-48.0,-24.0,-48.0,-68.0,-50.0,18.0
United States,Massachusetts,Suffolk County,2021-02-11,-47.0,-20.0,-44.0,-67.0,-49.0,18.0
United States,Massachusetts,Suffolk County,2021-02-12,-48.0,-24.0,-52.0,-66.0,-47.0,19.0
United States,Massachusetts,Suffolk County,2021-02-13,-41.0,-12.0,-32.0,-59.0,-24.0,8.0
United States,Massachusetts,Suffolk County,2021-02-14,-39.0,-20.0,-32.0,-60.0,-25.0,8.0
United States,Massachusetts,Suffolk County,2021-02-15,-49.0,-30.0,-49.0,-71.0,-64.0,21.0
United States,Massachusetts,Suffolk County,2021-02-16,-51.0,-33.0,-53.0,-69.0,-53.0,20.0
United States,Massachusetts,Suffolk County,2021-02-17,-47.0,-23.0,-41.0,-67.0,-50.0,18.0
United States,Massachusetts,Suffolk County,2021-02-18,-50.0,-22.0,-46.0,-67.0,-51.0,19.0
United States,Massachusetts,Suffolk County,2021-02-19,-59.0,-40.0,-57.0,-68.0,-52.0,23.0
United States,Massachusetts,Suffolk County,2021-02-20,-47.0,-24.0,-30.0,-57.0,-25.0,9.0
United States,Massachusetts,Suffolk County,2021-02-21,-44.0,-27.0,-26.0,-58.0,-27.0,8.0
United States,Massachusetts,Suffolk County,2021-02-22,-49.0,-28.0,-47.0,-66.0,-48.0,18.0
United States,Massachusetts,Suffolk County,2021-02-23,-45.0,-25.0,-38.0,-67.0,-49.0,18.0
United States,Massachusetts,Suffolk County,2021-02-24,-44.0,-22.0,-22.0,-66.0,-49.0,17.0
United States,Massachusetts,Suffolk County,2021-02-25,-45.0,-19.0,-30.0,-66.0,-48.0,17.0
United States,Massachusetts,Suffolk County,2021-02-26,-45.0,-23.0,-35.0,-64.0,-46.0,17.0
United States,Massachusetts,Suffolk County,2021-02-27,-46.0,-24.0,-47.0,-59.0,-24.0,9.0
United States,Massachusetts,Suffolk County,2021-02-28,-40.0,-23.0,-16.0,-57.0,-24.0,7.0
United States,Massachusetts,Suffolk County,2021-03-01,-45.0,-23.0,-39.0,-65.0,-48.0,17.0
United States,Massachusetts,Suffolk County,2021-03-02,-48.0,-29.0,-50.0,-69.0,-50.0,19.0
United States,Massachusetts,Suffolk County,2021-03-03,-42.0,-18.0,-27.0,-66.0,-49.0,17.0
United States,Massachusetts,Suffolk County,2021-03-04,-45.0,-18.0,-36.0,-65.0,-48.0,17.0
United States,Massachusetts,Suffolk County,2021-03-05,-46.0,-23.0,-48.0,-64.0,-46.0,18.0
United States,Massachusetts,Suffolk County,2021-03-06,-40.0,-18.0,-24.0,-57.0,-24.0,8.0
United States,Massachusetts,Suffolk County,2021-03-07,-40.0,-23.0,-25.0,-59.0,-26.0,7.0
United States,Massachusetts,Suffolk County,2021-03-08,-44.0,-21.0,-31.0,-65.0,-48.0,16.0
United States,Massachusetts,Suffolk County,2021-03-09,-40.0,-22.0,-10.0,-66.0,-48.0,16.0
United States,Massachusetts,Suffolk County,2021-03-10,-41.0,-21.0,-18.0,-65.0,-49.0,17.0
United States,Massachusetts,Suffolk County,2021-03-11,-38.0,-15.0,15.0,-62.0,-47.0,15.0
United States,Massachusetts,Suffolk County,2021-03-12,-39.0,-20.0,-4.0,-61.0,-45.0,16.0
United States,Massachusetts,Suffolk County,2021-03-13,-36.0,-16.0,-5.0,-54.0,-23.0,6.0
United States,Massachusetts,Suffolk County,2021-03-14,-40.0,-25.0,-35.0,-56.0,-25.0,7.0
United States,Massachusetts,Suffolk County,2021-03-15,-46.0,-26.0,-49.0,-65.0,-48.0,17.0
United States,Massachusetts,Suffolk County,2021-03-16,-42.0,-22.0,-40.0,-64.0,-48.0,17.0
United States,Massachusetts,Suffolk County,2021-03-17,-36.0,-16.0,-17.0,-62.0,-48.0,15.0
United States,Massachusetts,Suffolk County,2021-03-18,-44.0,-21.0,-45.0,-62.0,-48.0,17.0
United States,Massachusetts,Suffolk County,2021-03-19,-41.0,-20.0,-38.0,-61.0,-45.0,16.0
United States,Massachusetts,Suffolk County,2021-03-20,-32.0,-13.0,34.0,-50.0,-22.0,5.0
United States,Massachusetts,Suffolk County,2021-03-21,-28.0,-18.0,53.0,-51.0,-22.0,5.0
United States,Massachusetts,Suffolk County,2021-03-22,-36.0,-17.0,8.0,-60.0,-47.0,15.0
United States,Massachusetts,Suffolk County,2021-03-23,-36.0,-20.0,-1.0,-62.0,-47.0,15.0
United States,Massachusetts,Suffolk County,2021-03-24,-39.0,-21.0,-17.0,-62.0,-48.0,16.0
United States,Massachusetts,Suffolk County,2021-03-25,-37.0,-15.0,0.0,-60.0,-47.0,15.0
United States,Massachusetts,Suffolk County,2021-03-26,-38.0,-18.0,-12.0,-59.0,-45.0,15.0
United States,Massachusetts,Suffolk County,2021-03-27,-29.0,-12.0,40.0,-48.0,-21.0,4.0
United States,Massachusetts,Suffolk County,2021-03-28,-43.0,-29.0,-49.0,-57.0,-26.0,8.0
United States,Massachusetts,Suffolk County,2021-03-29,-37.0,-17.0,-19.0,-61.0,-46.0,15.0
United States,Massachusetts,Suffolk County,2021-03-30,-35.0,-17.0,-2.0,-61.0,-47.0,15.0
United States,Massachusetts,Suffolk County,2021-03-31,-35.0,-16.0,-4.0,-60.0,-48.0,15.0
United States,Massachusetts,Suffolk County,2021-04-01,-39.0,-15.0,-40.0,-60.0,-47.0,16.0
United States,Massachusetts,Suffolk County,2021-04-02,-36.0,-12.0,-32.0,-59.0,-47.0,16.0
United States,Massachusetts,Suffolk County,2021-04-03,-30.0,-5.0,9.0,-50.0,-22.0,4.0
United States,Massachusetts,Suffolk County,2021-04-04,-40.0,-23.0,26.0,-53.0,-29.0,4.0
United States,Massachusetts,Suffolk County,2021-04-05,-36.0,-16.0,-24.0,-59.0,-46.0,15.0
United States,Massachusetts,Suffolk County,2021-04-06,-35.0,-17.0,-4.0,-60.0,-46.0,14.0
United States,Massachusetts,Suffolk County,2021-04-07,-35.0,-16.0,-10.0,-60.0,-48.0,15.0
United States,Massachusetts,Suffolk County,2021-04-08,-34.0,-11.0,7.0,-57.0,-46.0,14.0
United States,Massachusetts,Suffolk County,2021-04-09,-34.0,-15.0,7.0,-56.0,-44.0,13.0
United States,Massachusetts,Suffolk County,2021-04-10,-24.0,-9.0,93.0,-44.0,-22.0,2.0
United States,Massachusetts,Suffolk County,2021-04-11,-34.0,-20.0,-23.0,-53.0,-24.0,7.0
United States,Massachusetts,Suffolk County,2021-04-12,-38.0,-17.0,-30.0,-58.0,-46.0,15.0
United States,Massachusetts,Suffolk County,2021-04-13,-35.0,-17.0,-9.0,-59.0,-46.0,14.0
United States,Massachusetts,Suffolk County,2021-04-14,-35.0,-16.0,-7.0,-59.0,-48.0,14.0
United States,Massachusetts,Suffolk County,2021-04-15,-40.0,-16.0,-33.0,-59.0,-46.0,15.0
United States,Massachusetts,Suffolk County,2021-04-16,-50.0,-33.0,-61.0,-62.0,-47.0,19.0
United States,Massachusetts,Suffolk County,2021-04-17,-34.0,-13.0,-17.0,-48.0,-22.0,6.0
United States,Massachusetts,Suffolk County,2021-04-18,-25.0,-17.0,36.0,-47.0,-22.0,4.0
United States,Massachusetts,Suffolk County,2021-04-19,-31.0,-15.0,20.0,-58.0,-55.0,15.0
United States,Massachusetts,Suffolk County,2021-04-20,-28.0,-15.0,41.0,-56.0,-48.0,13.0
United States,Massachusetts,Suffolk County,2021-04-21,-38.0,-21.0,-24.0,-59.0,-50.0,15.0
United States,Massachusetts,Suffolk County,2021-04-22,-37.0,-14.0,-34.0,-58.0,-49.0,15.0
United States,Massachusetts,Suffolk County,2021-04-23,-35.0,-16.0,-24.0,-57.0,-47.0,14.0
United States,Massachusetts,Suffolk County,2021-04-24,-22.0,-10.0,75.0,-41.0,-22.0,2.0
United States,Massachusetts,Suffolk County,2021-04-25,-37.0,-21.0,-35.0,-52.0,-25.0,7.0
United States,Massachusetts,Suffolk County,2021-04-26,-33.0,-13.0,-13.0,-56.0,-45.0,13.0
United States,Massachusetts,Suffolk County,2021-04-27,-32.0,-15.0,-7.0,-58.0,-45.0,13.0
United States,Massachusetts,Suffolk County,2021-04-28,-34.0,-16.0,-23.0,-57.0,-47.0,14.0
United States,Massachusetts,Suffolk County,2021-04-29,-40.0,-19.0,-50.0,-57.0,-46.0,16.0
United States,Massachusetts,Suffolk County,2021-04-30,-34.0,-12.0,-28.0,-53.0,-43.0,13.0
United States,Massachusetts,Suffolk County,2021-05-01,-24.0,-7.0,32.0,-41.0,-21.0,3.0
United States,Massachusetts,Suffolk County,2021-05-02,-22.0,-13.0,35.0,-45.0,-22.0,3.0
United States,Massachusetts,Suffolk County,2021-05-03,-30.0,-10.0,-8.0,-54.0,-45.0,12.0
United States,Massachusetts,Suffolk County,2021-05-04,-35.0,-16.0,-40.0,-58.0,-46.0,15.0
United States,Massachusetts,Suffolk County,2021-05-05,-36.0,-16.0,-48.0,-57.0,-47.0,15.0
United States,Massachusetts,Suffolk County,2021-05-06,-26.0,-4.0,-1.0,-53.0,-45.0,11.0
United States,Massachusetts,Suffolk County,2021-05-07,-30.0,-11.0,-36.0,-52.0,-43.0,12.0
United States,Massachusetts,Suffolk County,2021-05-08,-23.0,-2.0,-18.0,-41.0,-22.0,3.0
United States,Massachusetts,Suffolk County,2021-05-09,-12.0,-5.0,15.0,-42.0,-20.0,1.0
United States,Massachusetts,Suffolk County,2021-05-10,-31.0,-12.0,-33.0,-54.0,-46.0,13.0
United States,Massachusetts,Suffolk County,2021-05-11,-26.0,-11.0,-26.0,-55.0,-45.0,12.0
United States,Massachusetts,Suffolk County,2021-05-12,-28.0,-11.0,-25.0,-53.0,-46.0,12.0
United States,Massachusetts,Suffolk County,2021-05-13,-26.0,-4.0,-10.0,-52.0,-46.0,12.0
United States,Massachusetts,Suffolk County,2021-05-14,-26.0,-8.0,-8.0,-49.0,-44.0,11.0
United States,Massachusetts,Suffolk County,2021-05-15,-18.0,-5.0,37.0,-35.0,-24.0,1.0
United States,Massachusetts,Suffolk County,2021-05-16,-19.0,-13.0,13.0,-40.0,-22.0,3.0
United States,Massachusetts,Suffolk County,2021-05-17,-25.0,-6.0,-5.0,-51.0,-45.0,11.0
United States,Massachusetts,Suffolk County,2021-05-18,-25.0,-9.0,-5.0,-52.0,-44.0,11.0
United States,Massachusetts,Suffolk County,2021-05-19,-26.0,-9.0,-6.0,-52.0,-45.0,11.0
United States,Massachusetts,Suffolk County,2021-05-20,-26.0,-3.0,-6.0,-50.0,-44.0,11.0
United States,Massachusetts,Suffolk County,2021-05-21,-28.0,-9.0,-8.0,-48.0,-42.0,10.0
United States,Massachusetts,Suffolk County,2021-05-22,-21.0,-7.0,32.0,-35.0,-22.0,1.0
United States,Massachusetts,Suffolk County,2021-05-23,-19.0,-13.0,35.0,-38.0,-21.0,2.0
United States,Massachusetts,Suffolk County,2021-05-24,-25.0,-7.0,-13.0,-50.0,-44.0,11.0
United States,Massachusetts,Suffolk County,2021-05-25,-24.0,-9.0,-12.0,-51.0,-44.0,11.0
United States,Massachusetts,Suffolk County,2021-05-26,-24.0,-10.0,-1.0,-49.0,-45.0,11.0
United States,Massachusetts,Suffolk County,2021-05-27,-24.0,-4.0,2.0,-48.0,-45.0,10.0
United States,Massachusetts,Suffolk County,2021-05-28,-29.0,-12.0,-40.0,-48.0,-45.0,11.0
United States,Massachusetts,Suffolk County,2021-05-29,-30.0,-18.0,-47.0,-41.0,-27.0,5.0
United States,Massachusetts,Suffolk County,2021-05-30,-27.0,-26.0,-55.0,-43.0,-25.0,5.0
United States,Massachusetts,Suffolk County,2021-05-31,-26.0,-16.0,-19.0,-60.0,-74.0,18.0
United States,Massachusetts,Suffolk County,2021-06-01,-23.0,-7.0,-11.0,-49.0,-45.0,10.0
United States,Massachusetts,Suffolk County,2021-06-02,-24.0,-7.0,-4.0,-48.0,-45.0,10.0
United States,Massachusetts,Suffolk County,2021-06-03,-24.0,-1.0,-16.0,-48.0,-45.0,11.0
United States,Massachusetts,Suffolk County,2021-06-04,-27.0,-9.0,-28.0,-47.0,-43.0,10.0
United States,Massachusetts,Suffolk County,2021-06-05,-19.0,-5.0,55.0,-30.0,-22.0,-1.0
United States,Massachusetts,Suffolk County,2021-06-06,-17.0,-12.0,47.0,-34.0,-20.0,0.0
United States,Massachusetts,Suffolk County,2021-06-07,-18.0,-6.0,5.0,-46.0,-45.0,10.0
United States,Massachusetts,Suffolk County,2021-06-08,-22.0,-10.0,-23.0,-50.0,-45.0,11.0
United States,Massachusetts,Suffolk County,2021-06-09,-19.0,-8.0,-4.0,-47.0,-45.0,10.0
United States,Massachusetts,Suffolk County,2021-06-10,-18.0,-1.0,4.0,-45.0,-44.0,9.0
United States,Massachusetts,Suffolk County,2021-06-11,-24.0,-10.0,-24.0,-44.0,-44.0,10.0
United States,Massachusetts,Suffolk County,2021-06-12,-16.0,-6.0,25.0,-29.0,-23.0,0.0
United States,Massachusetts,Suffolk County,2021-06-13,-10.0,-10.0,53.0,-29.0,-20.0,0.0
United States,Massachusetts,Suffolk County,2021-06-14,-28.0,-14.0,-42.0,-46.0,-45.0,12.0
United States,Massachusetts,Suffolk County,2021-06-15,-22.0,-8.0,-16.0,-48.0,-45.0,11.0
United States,Massachusetts,Suffolk County,2021-06-16,-20.0,-7.0,4.0,-45.0,-45.0,9.0
United States,Massachusetts,Suffolk County,2021-06-17,-19.0,-2.0,6.0,-45.0,-45.0,9.0
United States,Massachusetts,Suffolk County,2021-06-18,-22.0,-8.0,5.0,-45.0,-47.0,9.0
United States,Massachusetts,Suffolk County,2021-06-19,-20.0,-7.0,35.0,-31.0,-24.0,-1.0
United States,Massachusetts,Suffolk County,2021-06-20,-15.0,-13.0,43.0,-31.0,-21.0,-2.0
United States,Massachusetts,Suffolk County,2021-06-21,-24.0,-11.0,6.0,-46.0,-49.0,10.0
United States,Massachusetts,Suffolk County,2021-06-22,-30.0,-20.0,-39.0,-49.0,-48.0,13.0
United States,Massachusetts,Suffolk County,2021-06-23,-19.0,-8.0,3.0,-46.0,-47.0,9.0
United States,Massachusetts,Suffolk County,2021-06-24,-19.0,-6.0,6.0,-45.0,-48.0,9.0
United States,Massachusetts,Suffolk County,2021-06-25,-22.0,-11.0,-19.0,-44.0,-47.0,10.0
United States,Massachusetts,Suffolk County,2021-06-26,-14.0,-9.0,42.0,-26.0,-22.0,-1.0
United States,Massachusetts,Suffolk County,2021-06-27,-11.0,-14.0,38.0,-29.0,-21.0,0.0
United States,Massachusetts,Suffolk County,2021-06-28,-20.0,-10.0,5.0,-43.0,-48.0,8.0
United States,Massachusetts,Suffolk County,2021-06-29,-24.0,-17.0,-14.0,-47.0,-50.0,10.0
United States,Massachusetts,Suffolk County,2021-06-30,-24.0,-15.0,-25.0,-45.0,-49.0,10.0
United States,Massachusetts,Suffolk County,2021-07-01,-21.0,-3.0,-26.0,-44.0,-49.0,10.0
United States,Massachusetts,Suffolk County,2021-07-02,-29.0,-9.0,-51.0,-45.0,-50.0,12.0
United States,Massachusetts,Suffolk County,2021-07-03,-31.0,-12.0,-47.0,-35.0,-28.0,5.0
United States,Massachusetts,Suffolk County,2021-07-04,-12.0,-11.0,34.0,-29.0,-31.0,1.0
United States,Massachusetts,Suffolk County,2021-07-05,-19.0,-8.0,40.0,-53.0,-73.0,13.0
United States,Massachusetts,Suffolk County,2021-07-06,-26.0,-11.0,-22.0,-46.0,-50.0,11.0
United States,Massachusetts,Suffolk County,2021-07-07,-23.0,-8.0,-8.0,-44.0,-49.0,10.0
United States,Massachusetts,Suffolk County,2021-07-08,-23.0,-1.0,-26.0,-44.0,-48.0,11.0
United States,Massachusetts,Suffolk County,2021-07-09,-32.0,-20.0,-43.0,-48.0,-49.0,15.0
United States,Massachusetts,Suffolk County,2021-07-10,-13.0,-2.0,25.0,-26.0,-22.0,0.0
United States,Massachusetts,Suffolk County,2021-07-11,-11.0,-12.0,21.0,-25.0,-20.0,1.0
United States,Massachusetts,Suffolk County,2021-07-12,-28.0,-11.0,-36.0,-44.0,-49.0,12.0
United States,Massachusetts,Suffolk County,2021-07-13,-21.0,-7.0,-10.0,-42.0,-48.0,10.0
United States,Massachusetts,Suffolk County,2021-07-14,-19.0,-7.0,-5.0,-42.0,-47.0,9.0
United States,Massachusetts,Suffolk County,2021-07-15,-17.0,-1.0,16.0,-41.0,-47.0,8.0
United States,Massachusetts,Suffolk County,2021-07-16,-24.0,-9.0,-8.0,-41.0,-47.0,9.0
United States,Massachusetts,Suffolk County,2021-07-17,-19.0,-8.0,17.0,-27.0,-23.0,1.0
United States,Massachusetts,Suffolk County,2021-07-18,-21.0,-14.0,-20.0,-28.0,-23.0,3.0
United States,Massachusetts,Suffolk County,2021-07-19,-21.0,-6.0,-15.0,-42.0,-48.0,10.0
United States,Massachusetts,Suffolk County,2021-07-20,-17.0,-7.0,14.0,-42.0,-47.0,9.0
United States,Massachusetts,Suffolk County,2021-07-21,-20.0,-7.0,-5.0,-42.0,-47.0,10.0
United States,Massachusetts,Suffolk County,2021-07-22,-13.0,-2.0,13.0,-40.0,-47.0,8.0
United States,Massachusetts,Suffolk County,2021-07-23,-17.0,-8.0,2.0,-40.0,-46.0,9.0
United States,Massachusetts,Suffolk County,2021-07-24,-10.0,-5.0,68.0,-20.0,-23.0,-2.0
United States,Massachusetts,Suffolk County,2021-07-25,-16.0,-15.0,-9.0,-28.0,-22.0,2.0
United States,Massachusetts,Suffolk County,2021-07-26,-15.0,-5.0,14.0,-41.0,-46.0,9.0
United States,Massachusetts,Suffolk County,2021-07-27,-18.0,-12.0,-3.0,-42.0,-46.0,10.0
United States,Massachusetts,Suffolk County,2021-07-28,-13.0,-8.0,1.0,-40.0,-46.0,9.0
United States,Massachusetts,Suffolk County,2021-07-29,-18.0,-6.0,-18.0,-41.0,-47.0,10.0
United States,Massachusetts,Suffolk County,2021-07-30,-19.0,-7.0,-2.0,-39.0,-46.0,8.0
United States,Massachusetts,Suffolk County,2021-07-31,-14.0,-6.0,50.0,-24.0,-22.0,-2.0
United States,Massachusetts,Suffolk County,2021-08-01,-12.0,-10.0,37.0,-24.0,-21.0,0.0
United States,Massachusetts,Suffolk County,2021-08-02,-16.0,-4.0,10.0,-40.0,-47.0,9.0
United States,Massachusetts,Suffolk County,2021-08-03,-10.0,-2.0,4.0,-41.0,-47.0,9.0
United States,Massachusetts,Suffolk County,2021-08-04,-16.0,-5.0,-17.0,-41.0,-47.0,10.0
United States,Massachusetts,Suffolk County,2021-08-05,-19.0,-7.0,-38.0,-43.0,-48.0,12.0
United States,Massachusetts,Suffolk County,2021-08-06,-13.0,-5.0,20.0,-37.0,-46.0,8.0
United States,Massachusetts,Suffolk County,2021-08-07,-16.0,-6.0,86.0,-19.0,-23.0,-1.0
United States,Massachusetts,Suffolk County,2021-08-08,-8.0,-10.0,62.0,-20.0,-21.0,0.0
United States,Massachusetts,Suffolk County,2021-08-09,-20.0,-7.0,-9.0,-41.0,-47.0,10.0
United States,Massachusetts,Suffolk County,2021-08-10,-15.0,-6.0,1.0,-41.0,-46.0,10.0
United States,Massachusetts,Suffolk County,2021-08-11,-16.0,-7.0,7.0,-40.0,-47.0,9.0
United States,Massachusetts,Suffolk County,2021-08-12,-19.0,-5.0,2.0,-41.0,-47.0,10.0
United States,Massachusetts,Suffolk County,2021-08-13,-21.0,-9.0,-8.0,-40.0,-47.0,9.0
United States,Massachusetts,Suffolk County,2021-08-14,-13.0,-7.0,28.0,-24.0,-23.0,0.0
United States,Massachusetts,Suffolk County,2021-08-15,-4.0,-9.0,57.0,-20.0,-21.0,-1.0
United States,Massachusetts,Suffolk County,2021-08-16,-18.0,-6.0,3.0,-40.0,-48.0,9.0
United States,Massachusetts,Suffolk County,2021-08-17,-18.0,-8.0,-1.0,-42.0,-48.0,9.0
United States,Massachusetts,Suffolk County,2021-08-18,-18.0,-10.0,-2.0,-41.0,-46.0,9.0
United States,Massachusetts,Suffolk County,2021-08-19,-27.0,-13.0,-35.0,-45.0,-48.0,12.0
United States,Massachusetts,Suffolk County,2021-08-20,-19.0,-7.0,-16.0,-39.0,-46.0,9.0
United States,Massachusetts,Suffolk County,2021-08-21,-12.0,2.0,35.0,-21.0,-22.0,-1.0
United States,Massachusetts,Suffolk County,2021-08-22,-42.0,-32.0,-53.0,-45.0,-32.0,10.0
United States,Massachusetts,Suffolk County,2021-08-23,-21.0,-14.0,-33.0,-42.0,-49.0,11.0
United States,Massachusetts,Suffolk County,2021-08-24,-13.0,-11.0,-6.0,-41.0,-47.0,9.0
United States,Massachusetts,Suffolk County,2021-08-25,-14.0,-8.0,4.0,-39.0,-48.0,9.0
United States,Massachusetts,Suffolk County,2021-08-26,-13.0,-5.0,0.0,-39.0,-48.0,9.0
United States,Massachusetts,Suffolk County,2021-08-27,-19.0,-10.0,1.0,-39.0,-47.0,8.0
United States,Massachusetts,Suffolk County,2021-08-28,-11.0,-7.0,26.0,-19.0,-24.0,-1.0
United States,Massachusetts,Suffolk County,2021-08-29,-9.0,-12.0,12.0,-22.0,-21.0,1.0
United States,Massachusetts,Suffolk County,2021-08-30,-15.0,-7.0,-7.0,-40.0,-48.0,9.0
United States,Massachusetts,Suffolk County,2021-08-31,-14.0,-7.0,-6.0,-41.0,-47.0,8.0
United States,Massachusetts,Suffolk County,2021-09-01,-23.0,-11.0,-45.0,-41.0,-48.0,10.0
United States,Massachusetts,Suffolk County,2021-09-02,-18.0,1.0,-21.0,-40.0,-48.0,10.0
United States,Massachusetts,Suffolk County,2021-09-03,-13.0,-2.0,0.0,-36.0,-47.0,7.0
United States,Massachusetts,Suffolk County,2021-09-04,-6.0,0.0,46.0,-17.0,-24.0,-1.0
United States,Massachusetts,Suffolk County,2021-09-05,-3.0,-9.0,0.0,-25.0,-23.0,1.0
United States,Massachusetts,Suffolk County,2021-09-06,-10.0,-6.0,44.0,-49.0,-73.0,15.0
United States,Massachusetts,Suffolk County,2021-09-07,-15.0,-3.0,-9.0,-38.0,-47.0,8.0
United States,Massachusetts,Suffolk County,2021-09-08,-15.0,-4.0,-9.0,-39.0,-46.0,8.0
United States,Massachusetts,Suffolk County,2021-09-09,-26.0,-8.0,-48.0,-41.0,-47.0,10.0
United States,Massachusetts,Suffolk County,2021-09-10,-16.0,-5.0,-13.0,-37.0,-44.0,7.0
United States,Massachusetts,Suffolk County,2021-09-11,-10.0,-2.0,36.0,-24.0,-21.0,0.0
United States,Massachusetts,Suffolk County,2021-09-12,-6.0,-8.0,29.0,-22.0,-19.0,1.0
United States,Massachusetts,Suffolk County,2021-09-13,-14.0,-3.0,-8.0,-37.0,-46.0,8.0
United States,Massachusetts,Suffolk County,2021-09-14,-14.0,-5.0,-14.0,-40.0,-45.0,7.0
United States,Massachusetts,Suffolk County,2021-09-15,-18.0,-6.0,-10.0,-39.0,-45.0,7.0
United States,Massachusetts,Suffolk County,2021-09-16,-21.0,-5.0,-25.0,-39.0,-46.0,9.0
United States,Massachusetts,Suffolk County,2021-09-17,-17.0,-8.0,-27.0,-36.0,-45.0,8.0
United States,Massachusetts,Suffolk County,2021-09-18,-6.0,-5.0,32.0,-19.0,-21.0,0.0
United States,Massachusetts,Suffolk County,2021-09-19,-4.0,-10.0,30.0,-19.0,-20.0,1.0
United States,Massachusetts,Suffolk County,2021-09-20,-16.0,-4.0,-7.0,-35.0,-43.0,7.0
United States,Massachusetts,Suffolk County,2021-09-21,-13.0,-9.0,-11.0,-39.0,-43.0,7.0
United States,Massachusetts,Suffolk County,2021-09-22,-15.0,-10.0,-15.0,-38.0,-40.0,8.0
United States,Massachusetts,Suffolk County,2021-09-23,-18.0,-4.0,-14.0,-36.0,-40.0,8.0
United States,Massachusetts,Suffolk County,2021-09-24,-14.0,-10.0,-18.0,-34.0,-40.0,8.0
United States,Massachusetts,Suffolk County,2021-09-25,-5.0,-5.0,26.0,-18.0,-18.0,0.0
United States,Massachusetts,Suffolk County,2021-09-26,-2.0,-12.0,27.0,-20.0,-18.0,2.0
United States,Massachusetts,Suffolk County,2021-09-27,-18.0,-6.0,-10.0,-35.0,-40.0,8.0
United States,Massachusetts,Suffolk County,2021-09-28,-28.0,-18.0,-48.0,-41.0,-40.0,10.0
United States,Massachusetts,Suffolk County,2021-09-29,-17.0,-7.0,-19.0,-39.0,-40.0,7.0
United States,Massachusetts,Suffolk County,2021-09-30,-16.0,-4.0,-22.0,-36.0,-39.0,8.0
United States,Massachusetts,Suffolk County,2021-10-01,-13.0,-4.0,-16.0,-32.0,-39.0,7.0
United States,Massachusetts,Suffolk County,2021-10-02,-7.0,-3.0,26.0,-19.0,-18.0,0.0
United States,Massachusetts,Suffolk County,2021-10-03,-11.0,-9.0,-6.0,-23.0,-17.0,2.0
United States,Massachusetts,Suffolk County,2021-10-04,-24.0,-7.0,-49.0,-37.0,-40.0,10.0
United States,Massachusetts,Suffolk County,2021-10-05,-15.0,-6.0,-30.0,-38.0,-39.0,8.0
United States,Massachusetts,Suffolk County,2021-10-06,-16.0,-7.0,-7.0,-35.0,-38.0,8.0
United States,Massachusetts,Suffolk County,2021-10-07,-17.0,-2.0,-9.0,-34.0,-37.0,7.0
United States,Massachusetts,Suffolk County,2021-10-08,-17.0,-7.0,-15.0,-33.0,-38.0,7.0
United States,Massachusetts,Suffolk County,2021-10-09,-8.0,-5.0,12.0,-19.0,-20.0,0.0
United States,Massachusetts,Suffolk County,2021-10-10,-3.0,-12.0,-4.0,-18.0,-18.0,2.0
United States,Massachusetts,Suffolk County,2021-10-11,-11.0,-9.0,-1.0,-42.0,-60.0,14.0
United States,Massachusetts,Suffolk County,2021-10-12,-18.0,-8.0,-10.0,-35.0,-37.0,8.0
United States,Massachusetts,Suffolk County,2021-10-13,-17.0,-8.0,-6.0,-35.0,-37.0,8.0
United States,Massachusetts,Suffolk County,2021-10-14,-17.0,-3.0,-3.0,-35.0,-36.0,7.0
United States,Massachusetts,Suffolk County,2021-10-15,-17.0,-9.0,-13.0,-33.0,-37.0,7.0
United States,Massachusetts,Suffolk County,2021-10-16,-6.0,-6.0,26.0,-16.0,-18.0,0.0
United States,Massachusetts,Suffolk County,2021-10-17,-8.0,-12.0,0.0,-20.0,-18.0,2.0
United States,Massachusetts,Suffolk County,2021-10-18,-10.0,-6.0,-20.0,-33.0,-37.0,8.0
United States,Massachusetts,Suffolk County,2021-10-19,-13.0,-11.0,-24.0,-37.0,-37.0,8.0
United States,Massachusetts,Suffolk County,2021-10-20,-13.0,-11.0,-13.0,-36.0,-37.0,8.0
United States,Massachusetts,Suffolk County,2021-10-21,-15.0,-5.0,-7.0,-35.0,-36.0,8.0
United States,Massachusetts,Suffolk County,2021-10-22,-14.0,-8.0,-12.0,-32.0,-36.0,7.0
United States,Massachusetts,Suffolk County,2021-10-23,-7.0,-6.0,20.0,-18.0,-18.0,1.0
United States,Massachusetts,Suffolk County,2021-10-24,-7.0,-13.0,0.0,-20.0,-16.0,2.0
United States,Massachusetts,Suffolk County,2021-10-25,-25.0,-13.0,-49.0,-36.0,-38.0,11.0
United States,Massachusetts,Suffolk County,2021-10-26,-29.0,-18.0,-57.0,-43.0,-38.0,12.0
United States,Massachusetts,Suffolk County,2021-10-27,-27.0,-18.0,-56.0,-44.0,-40.0,12.0
United States,Massachusetts,Suffolk County,2021-10-28,-16.0,-1.0,-33.0,-36.0,-36.0,8.0
United States,Massachusetts,Suffolk County,2021-10-29,-18.0,-8.0,-39.0,-35.0,-36.0,8.0
United States,Massachusetts,Suffolk County,2021-10-30,-19.0,-12.0,-40.0,-27.0,-20.0,4.0
United States,Massachusetts,Suffolk County,2021-10-31,-8.0,-7.0,1.0,-23.0,-16.0,2.0
United States,Massachusetts,Suffolk County,2021-11-01,-15.0,-4.0,-26.0,-32.0,-36.0,8.0
United States,Massachusetts,Suffolk County,2021-11-02,-17.0,-4.0,-36.0,-40.0,-36.0,8.0
United States,Massachusetts,Suffolk County,2021-11-03,-20.0,-6.0,-36.0,-39.0,-35.0,9.0
United States,Massachusetts,Suffolk County,2021-11-04,-17.0,-4.0,-27.0,-37.0,-35.0,8.0
United States,Massachusetts,Suffolk County,2021-11-05,-17.0,-9.0,-36.0,-36.0,-35.0,8.0
United States,Massachusetts,Suffolk County,2021-11-06,-10.0,-6.0,-8.0,-22.0,-18.0,2.0
United States,Massachusetts,Suffolk County,2021-11-07,-8.0,-10.0,-19.0,-23.0,-16.0,3.0
United States,Massachusetts,Suffolk County,2021-11-08,-19.0,-5.0,-29.0,-36.0,-34.0,9.0
United States,Massachusetts,Suffolk County,2021-11-09,-16.0,-9.0,-27.0,-39.0,-33.0,8.0
United States,Massachusetts,Suffolk County,2021-11-10,-16.0,-9.0,-32.0,-37.0,-35.0,8.0
United States,Massachusetts,Suffolk County,2021-11-11,-15.0,-4.0,-32.0,-43.0,-50.0,14.0
United States,Massachusetts,Suffolk County,2021-11-12,-27.0,-18.0,-55.0,-39.0,-38.0,12.0
United States,Massachusetts,Suffolk County,2021-11-13,-8.0,-5.0,-6.0,-21.0,-17.0,2.0
United States,Massachusetts,Suffolk County,2021-11-14,-10.0,-12.0,-32.0,-22.0,-16.0,3.0
United States,Massachusetts,Suffolk County,2021-11-15,-22.0,-7.0,-44.0,-36.0,-35.0,9.0
United States,Massachusetts,Suffolk County,2021-11-16,-22.0,-12.0,-47.0,-40.0,-34.0,9.0
United States,Massachusetts,Suffolk County,2021-11-17,-21.0,-11.0,-44.0,-39.0,-35.0,9.0
United States,Massachusetts,Suffolk County,2021-11-18,-17.0,-3.0,-25.0,-36.0,-35.0,8.0
United States,Massachusetts,Suffolk County,2021-11-19,-21.0,-13.0,-49.0,-35.0,-35.0,10.0
United States,Massachusetts,Suffolk County,2021-11-20,-11.0,-7.0,-25.0,-20.0,-16.0,2.0
United States,Massachusetts,Suffolk County,2021-11-21,-10.0,-10.0,-33.0,-22.0,-15.0,3.0
United States,Massachusetts,Suffolk County,2021-11-22,-19.0,-4.0,-46.0,-36.0,-36.0,9.0
United States,Massachusetts,Suffolk County,2021-11-23,-17.0,-2.0,-49.0,-37.0,-38.0,8.0
United States,Massachusetts,Suffolk County,2021-11-24,-9.0,18.0,-48.0,-37.0,-47.0,8.0
United States,Massachusetts,Suffolk County,2021-11-25,-68.0,-56.0,-46.0,-65.0,-86.0,21.0
United States,Massachusetts,Suffolk County,2021-11-26,-36.0,-27.0,-61.0,-55.0,-65.0,17.0
United States,Massachusetts,Suffolk County,2021-11-27,-23.0,-19.0,-43.0,-28.0,-26.0,4.0
United States,Massachusetts,Suffolk County,2021-11-28,-22.0,-21.0,-50.0,-24.0,-20.0,3.0
United States,Massachusetts,Suffolk County,2021-11-29,-25.0,-10.0,-50.0,-35.0,-37.0,9.0
United States,Massachusetts,Suffolk County,2021-11-30,-23.0,-13.0,-53.0,-37.0,-36.0,9.0
United States,Massachusetts,Suffolk County,2021-12-01,-21.0,-10.0,-48.0,-38.0,-36.0,9.0
United States,Massachusetts,Suffolk County,2021-12-02,-20.0,-5.0,-43.0,-38.0,-35.0,9.0
United States,Massachusetts,Suffolk County,2021-12-03,-23.0,-12.0,-50.0,-39.0,-36.0,10.0
United States,Massachusetts,Suffolk County,2021-12-04,-14.0,-7.0,-35.0,-27.0,-16.0,3.0
United States,Massachusetts,Suffolk County,2021-12-05,-17.0,-14.0,-37.0,-25.0,-15.0,4.0
United States,Massachusetts,Suffolk County,2021-12-06,-24.0,-9.0,-47.0,-40.0,-35.0,10.0
United States,Massachusetts,Suffolk County,2021-12-07,-24.0,-13.0,-51.0,-43.0,-34.0,9.0
United States,Massachusetts,Suffolk County,2021-12-08,-26.0,-13.0,-53.0,-43.0,-35.0,10.0
United States,Massachusetts,Suffolk County,2021-12-09,-25.0,-11.0,-51.0,-41.0,-35.0,10.0
United States,Massachusetts,Suffolk County,2021-12-10,-24.0,-12.0,-52.0,-39.0,-35.0,10.0
United States,Massachusetts,Suffolk County,2021-12-11,-20.0,-13.0,-46.0,-28.0,-16.0,4.0
United States,Massachusetts,Suffolk County,2021-12-12,-14.0,-14.0,-40.0,-25.0,-14.0,4.0
United States,Massachusetts,Suffolk County,2021-12-13,-21.0,-7.0,-48.0,-39.0,-36.0,9.0
United States,Massachusetts,Suffolk County,2021-12-14,-21.0,-10.0,-48.0,-40.0,-36.0,9.0
United States,Massachusetts,Suffolk County,2021-12-15,-20.0,-12.0,-48.0,-39.0,-37.0,9.0
United States,Massachusetts,Suffolk County,2021-12-16,-18.0,-6.0,-43.0,-37.0,-37.0,9.0
United States,Massachusetts,Suffolk County,2021-12-17,-19.0,-9.0,-46.0,-37.0,-37.0,9.0
United States,Massachusetts,Suffolk County,2021-12-18,-24.0,-13.0,-52.0,-26.0,-19.0,4.0
United States,Massachusetts,Suffolk County,2021-12-19,-19.0,-17.0,-56.0,-26.0,-18.0,3.0
United States,Massachusetts,Suffolk County,2021-12-20,-20.0,-7.0,-52.0,-39.0,-42.0,9.0
United States,Massachusetts,Suffolk County,2021-12-21,-19.0,-6.0,-51.0,-41.0,-43.0,9.0
United States,Massachusetts,Suffolk County,2021-12-22,-20.0,-5.0,-58.0,-43.0,-46.0,10.0
United States,Massachusetts,Suffolk County,2021-12-23,-17.0,13.0,-56.0,-44.0,-50.0,10.0
United States,Massachusetts,Suffolk County,2021-12-24,-40.0,-1.0,-66.0,-58.0,-71.0,18.0
United States,Massachusetts,Suffolk County,2021-12-25,-81.0,-72.0,-75.0,-59.0,-68.0,14.0
United States,Massachusetts,Suffolk County,2021-12-26,-34.0,-28.0,-54.0,-39.0,-30.0,5.0
United States,Massachusetts,Suffolk County,2021-12-27,-25.0,-12.0,-48.0,-50.0,-58.0,15.0
United States,Massachusetts,Suffolk County,2021-12-28,-26.0,-14.0,-46.0,-50.0,-57.0,15.0
United States,Massachusetts,Suffolk County,2021-12-29,-26.0,-11.0,-44.0,-49.0,-57.0,15.0
United States,Massachusetts,Suffolk County,2021-12-30,-26.0,-2.0,-55.0,-51.0,-58.0,16.0
United States,Massachusetts,Suffolk County,2021-12-31,-26.0,-4.0,-33.0,-53.0,-68.0,21.0
United States,Massachusetts,Suffolk County,2022-01-01,-55.0,-44.0,-51.0,-47.0,-49.0,13.0
United States,Massachusetts,Suffolk County,2022-01-02,-38.0,-25.0,-58.0,-38.0,-28.0,9.0
United States,Massachusetts,Suffolk County,2022-01-03,-37.0,-14.0,-64.0,-49.0,-53.0,17.0
United States,Massachusetts,Suffolk County,2022-01-04,-38.0,-14.0,-60.0,-48.0,-49.0,16.0
United States,Massachusetts,Suffolk County,2022-01-05,-39.0,-14.0,-63.0,-51.0,-49.0,16.0
United States,Massachusetts,Suffolk County,2022-01-06,-34.0,4.0,-56.0,-50.0,-48.0,15.0
United States,Massachusetts,Suffolk County,2022-01-07,-63.0,-48.0,-72.0,-65.0,-64.0,29.0
United States,Massachusetts,Suffolk County,2022-01-08,-40.0,-22.0,-56.0,-41.0,-28.0,10.0
United States,Massachusetts,Suffolk County,2022-01-09,-40.0,-24.0,-62.0,-42.0,-26.0,10.0
United States,Massachusetts,Suffolk County,2022-01-10,-35.0,-11.0,-61.0,-52.0,-45.0,15.0
United States,Massachusetts,Suffolk County,2022-01-11,-49.0,-33.0,-72.0,-62.0,-52.0,19.0
United States,Massachusetts,Suffolk County,2022-01-12,-38.0,-17.0,-59.0,-55.0,-45.0,15.0
United States,Massachusetts,Suffolk County,2022-01-13,-34.0,-10.0,-51.0,-53.0,-44.0,14.0
United States,Massachusetts,Suffolk County,2022-01-14,-37.0,-16.0,-63.0,-51.0,-43.0,15.0
United States,Massachusetts,Suffolk County,2022-01-15,-39.0,-28.0,-66.0,-44.0,-27.0,9.0
United States,Massachusetts,Suffolk County,2022-01-16,-34.0,-25.0,-58.0,-45.0,-23.0,8.0
United States,Massachusetts,Suffolk County,2022-01-17,-39.0,-24.0,-60.0,-60.0,-64.0,20.0
United States,Massachusetts,Suffolk County,2022-01-18,-37.0,-21.0,-61.0,-51.0,-42.0,13.0
United States,Massachusetts,Suffolk County,2022-01-19,-34.0,-17.0,-55.0,-51.0,-42.0,13.0
United States,Massachusetts,Suffolk County,2022-01-20,-37.0,-17.0,-59.0,-53.0,-41.0,14.0
United States,Massachusetts,Suffolk County,2022-01-21,-38.0,-24.0,-65.0,-53.0,-40.0,14.0
United States,Massachusetts,Suffolk County,2022-01-22,-32.0,-21.0,-54.0,-43.0,-21.0,7.0
United States,Massachusetts,Suffolk County,2022-01-23,-32.0,-25.0,-51.0,-42.0,-20.0,7.0
United States,Massachusetts,Suffolk County,2022-01-24,-34.0,-19.0,-55.0,-51.0,-38.0,12.0
United States,Massachusetts,Suffolk County,2022-01-25,-34.0,-21.0,-56.0,-53.0,-39.0,12.0
United States,Massachusetts,Suffolk County,2022-01-26,-35.0,-19.0,-60.0,-53.0,-40.0,12.0
United States,Massachusetts,Suffolk County,2022-01-27,-32.0,-4.0,-60.0,-51.0,-39.0,12.0
United States,Massachusetts,Suffolk County,2022-01-28,-31.0,13.0,-61.0,-48.0,-38.0,11.0
United States,Massachusetts,Suffolk County,2022-01-29,-87.0,-83.0,-81.0,-86.0,-72.0,26.0
United States,Massachusetts,Suffolk County,2022-01-30,-48.0,-46.0,-59.0,-48.0,-29.0,11.0
United States,Massachusetts,Suffolk County,2022-01-31,-36.0,-23.0,-59.0,-44.0,-41.0,13.0
United States,Massachusetts,Suffolk County,2022-02-01,-32.0,-20.0,-60.0,-48.0,-38.0,11.0
United States,Massachusetts,Suffolk County,2022-02-02,-31.0,-13.0,-56.0,-48.0,-38.0,11.0
United States,Massachusetts,Suffolk County,2022-02-03,-32.0,-8.0,-59.0,-48.0,-38.0,10.0
United States,Massachusetts,Suffolk County,2022-02-04,-52.0,-38.0,-75.0,-61.0,-51.0,21.0
United States,Massachusetts,Suffolk County,2022-02-05,-32.0,-21.0,-61.0,-38.0,-21.0,6.0
United States,Massachusetts,Suffolk County,2022-02-06,-30.0,-25.0,-59.0,-39.0,-19.0,6.0
United States,Massachusetts,Suffolk County,2022-02-07,-32.0,-16.0,-60.0,-48.0,-37.0,11.0
United States,Massachusetts,Suffolk County,2022-02-08,-31.0,-18.0,-59.0,-50.0,-37.0,11.0
United States,Massachusetts,Suffolk County,2022-02-09,-30.0,-16.0,-52.0,-48.0,-37.0,10.0
United States,Massachusetts,Suffolk County,2022-02-10,-28.0,-11.0,-49.0,-46.0,-37.0,10.0
United States,Massachusetts,Suffolk County,2022-02-11,-28.0,-14.0,-48.0,-44.0,-37.0,10.0
United States,Massachusetts,Suffolk County,2022-02-12,-15.0,-7.0,-7.0,-31.0,-19.0,3.0
United States,Massachusetts,Suffolk County,2022-02-13,-35.0,-24.0,-62.0,-39.0,-19.0,6.0
United States,Massachusetts,Suffolk County,2022-02-14,-29.0,-11.0,-58.0,-46.0,-37.0,10.0
United States,Massachusetts,Suffolk County,2022-02-15,-35.0,-23.0,-62.0,-48.0,-37.0,11.0
United States,Massachusetts,Suffolk County,2022-02-16,-30.0,-18.0,-55.0,-45.0,-36.0,10.0
United States,Massachusetts,Suffolk County,2022-02-17,-27.0,-11.0,-40.0,-42.0,-36.0,9.0
United States,Massachusetts,Suffolk County,2022-02-18,-30.0,-21.0,-59.0,-43.0,-36.0,11.0
United States,Massachusetts,Suffolk County,2022-02-19,-22.0,-18.0,-43.0,-30.0,-21.0,5.0
United States,Massachusetts,Suffolk County,2022-02-20,-21.0,-25.0,-44.0,-32.0,-19.0,4.0
United States,Massachusetts,Suffolk County,2022-02-21,-18.0,-16.0,-15.0,-49.0,-61.0,15.0
United States,Massachusetts,Suffolk County,2022-02-22,-34.0,-25.0,-60.0,-46.0,-42.0,12.0
United States,Massachusetts,Suffolk County,2022-02-23,-23.0,-15.0,-28.0,-42.0,-42.0,10.0
United States,Massachusetts,Suffolk County,2022-02-24,-25.0,-3.0,-56.0,-43.0,-42.0,10.0
United States,Massachusetts,Suffolk County,2022-02-25,-64.0,-57.0,-78.0,-67.0,-64.0,28.0
United States,Massachusetts,Suffolk County,2022-02-26,-30.0,-23.0,-54.0,-29.0,-19.0,6.0
United States,Massachusetts,Suffolk County,2022-02-27,-27.0,-26.0,-50.0,-29.0,-17.0,5.0
United States,Massachusetts,Suffolk County,2022-02-28,-32.0,-19.0,-61.0,-41.0,-36.0,9.0
United States,Massachusetts,Suffolk County,2022-03-01,-30.0,-20.0,-61.0,-42.0,-35.0,9.0
United States,Massachusetts,Suffolk County,2022-03-02,-29.0,-15.0,-55.0,-41.0,-35.0,8.0
United States,Massachusetts,Suffolk County,2022-03-03,-28.0,-12.0,-58.0,-40.0,-35.0,8.0
United States,Massachusetts,Suffolk County,2022-03-04,-30.0,-20.0,-63.0,-42.0,-35.0,10.0
United States,Massachusetts,Suffolk County,2022-03-05,-20.0,-15.0,-44.0,-28.0,-18.0,3.0
United States,Massachusetts,Suffolk County,2022-03-06,-18.0,-20.0,-28.0,-27.0,-16.0,3.0
United States,Massachusetts,Suffolk County,2022-03-07,-29.0,-18.0,-54.0,-41.0,-36.0,9.0
United States,Massachusetts,Suffolk County,2022-03-08,-31.0,-20.0,-58.0,-44.0,-35.0,9.0
United States,Massachusetts,Suffolk County,2022-03-09,-37.0,-27.0,-65.0,-44.0,-37.0,10.0
United States,Massachusetts,Suffolk County,2022-03-10,-28.0,-15.0,-52.0,-40.0,-36.0,9.0
United States,Massachusetts,Suffolk County,2022-03-11,-28.0,-17.0,-53.0,-40.0,-36.0,9.0
United States,Massachusetts,Suffolk County,2022-03-12,-33.0,-28.0,-66.0,-33.0,-22.0,6.0
United States,Massachusetts,Suffolk County,2022-03-13,-23.0,-25.0,-57.0,-27.0,-19.0,4.0
United States,Massachusetts,Suffolk County,2022-03-14,-28.0,-16.0,-50.0,-40.0,-36.0,9.0
United States,Massachusetts,Suffolk County,2022-03-15,-27.0,-20.0,-49.0,-40.0,-36.0,8.0
United States,Massachusetts,Suffolk County,2022-03-16,-26.0,-21.0,-47.0,-39.0,-37.0,8.0
United States,Massachusetts,Suffolk County,2022-03-17,-28.0,-19.0,-57.0,-40.0,-37.0,9.0
United States,Massachusetts,Suffolk County,2022-03-18,-18.0,-18.0,-18.0,-38.0,-37.0,7.0
United States,Massachusetts,Suffolk County,2022-03-19,-24.0,-23.0,-60.0,-29.0,-21.0,4.0
United States,Massachusetts,Suffolk County,2022-03-20,-11.0,-20.0,-21.0,-18.0,-18.0,2.0
United States,Massachusetts,Suffolk County,2022-03-21,-28.0,-19.0,-47.0,-39.0,-34.0,9.0
United States,Massachusetts,Suffolk County,2022-03-22,-28.0,-23.0,-56.0,-40.0,-34.0,8.0
United States,Massachusetts,Suffolk County,2022-03-23,-27.0,-23.0,-58.0,-39.0,-35.0,8.0
United States,Massachusetts,Suffolk County,2022-03-24,-33.0,-26.0,-71.0,-41.0,-36.0,10.0
United States,Massachusetts,Suffolk County,2022-03-25,-25.0,-20.0,-50.0,-38.0,-35.0,8.0
United States,Massachusetts,Suffolk County,2022-03-26,-20.0,-21.0,-43.0,-24.0,-18.0,3.0
United States,Massachusetts,Suffolk County,2022-03-27,-17.0,-21.0,-45.0,-23.0,-17.0,3.0
United States,Massachusetts,Suffolk County,2022-03-28,-34.0,-24.0,-66.0,-39.0,-34.0,10.0
United States,Massachusetts,Suffolk County,2022-03-29,-30.0,-25.0,-64.0,-40.0,-34.0,9.0
United States,Massachusetts,Suffolk County,2022-03-30,-27.0,-23.0,-57.0,-40.0,-34.0,8.0
United States,Massachusetts,Suffolk County,2022-03-31,-26.0,-18.0,-52.0,-38.0,-34.0,8.0
United States,Massachusetts,Suffolk County,2022-04-01,-26.0,-19.0,-61.0,-38.0,-34.0,8.0
United States,Massachusetts,Suffolk County,2022-04-02,-14.0,-14.0,-34.0,-23.0,-17.0,1.0
United States,Massachusetts,Suffolk County,2022-04-03,-19.0,-21.0,-50.0,-26.0,-16.0,3.0
United States,Massachusetts,Suffolk County,2022-04-04,-25.0,-12.0,-49.0,-37.0,-34.0,7.0
United States,Massachusetts,Suffolk County,2022-04-05,-25.0,-16.0,-44.0,-39.0,-33.0,7.0
United States,Massachusetts,Suffolk County,2022-04-06,-31.0,-23.0,-64.0,-38.0,-35.0,9.0
United States,Massachusetts,Suffolk County,2022-04-07,-25.0,-16.0,-56.0,-36.0,-33.0,8.0
United States,Massachusetts,Suffolk County,2022-04-08,-23.0,-18.0,-47.0,-35.0,-34.0,8.0
United States,Massachusetts,Suffolk County,2022-04-09,-17.0,-16.0,-41.0,-21.0,-18.0,2.0
United States,Massachusetts,Suffolk County,2022-04-10,-14.0,-16.0,-30.0,-19.0,-16.0,2.0
United States,Massachusetts,Suffolk County,2022-04-11,-21.0,-13.0,-34.0,-34.0,-33.0,7.0
United States,Massachusetts,Suffolk County,2022-04-12,-22.0,-20.0,-41.0,-35.0,-33.0,7.0
United States,Massachusetts,Suffolk County,2022-04-13,-21.0,-16.0,-28.0,-35.0,-34.0,6.0
United States,Massachusetts,Suffolk County,2022-04-14,-24.0,-14.0,-51.0,-35.0,-35.0,7.0
United States,Massachusetts,Suffolk County,2022-04-15,-17.0,-15.0,-31.0,-37.0,-43.0,9.0
United States,Massachusetts,Suffolk County,2022-04-16,-9.0,-9.0,-18.0,-20.0,-20.0,1.0
United States,Massachusetts,Suffolk County,2022-04-17,-21.0,-30.0,-41.0,-21.0,-25.0,2.0
United States,Massachusetts,Suffolk County,2022-04-18,-12.0,-20.0,-31.0,-38.0,-55.0,12.0
United States,Massachusetts,Suffolk County,2022-04-19,-22.0,-23.0,-56.0,-38.0,-41.0,10.0
United States,Massachusetts,Suffolk County,2022-04-20,-15.0,-20.0,-36.0,-32.0,-41.0,8.0
United States,Massachusetts,Suffolk County,2022-04-21,-15.0,-16.0,-39.0,-33.0,-41.0,8.0
United States,Massachusetts,Suffolk County,2022-04-22,-17.0,-18.0,-30.0,-34.0,-42.0,9.0
United States,Massachusetts,Suffolk County,2022-04-23,-7.0,-15.0,-7.0,-15.0,-18.0,1.0
United States,Massachusetts,Suffolk County,2022-04-24,-18.0,-21.0,-42.0,-18.0,-16.0,3.0
United States,Massachusetts,Suffolk County,2022-04-25,-26.0,-17.0,-49.0,-33.0,-34.0,7.0
United States,Massachusetts,Suffolk County,2022-04-26,-28.0,-25.0,-62.0,-36.0,-34.0,8.0
United States,Massachusetts,Suffolk County,2022-04-27,-25.0,-20.0,-52.0,-34.0,-34.0,7.0
United States,Massachusetts,Suffolk County,2022-04-28,-23.0,-17.0,-51.0,-33.0,-34.0,7.0
United States,Massachusetts,Suffolk County,2022-04-29,-24.0,-19.0,-53.0,-34.0,-35.0,7.0
United States,Massachusetts,Suffolk County,2022-04-30,-14.0,-13.0,-21.0,-19.0,-16.0,0.0
United States,Massachusetts,Suffolk County,2022-05-01,-6.0,-17.0,2.0,-16.0,-14.0,0.0
United States,Massachusetts,Suffolk County,2022-05-02,-25.0,-18.0,-55.0,-34.0,-35.0,8.0
United States,Massachusetts,Suffolk County,2022-05-03,-16.0,-14.0,-50.0,-34.0,-34.0,6.0
United States,Massachusetts,Suffolk County,2022-05-04,-25.0,-19.0,-62.0,-35.0,-36.0,8.0
United States,Massachusetts,Suffolk County,2022-05-05,-12.0,-9.0,-25.0,-30.0,-35.0,5.0
United States,Massachusetts,Suffolk County,2022-05-06,-19.0,-17.0,-46.0,-31.0,-36.0,7.0
United States,Massachusetts,Suffolk County,2022-05-07,-13.0,-12.0,-36.0,-18.0,-18.0,0.0
United States,Massachusetts,Suffolk County,2022-05-08,-5.0,-14.0,-38.0,-16.0,-16.0,0.0
United States,Massachusetts,Suffolk County,2022-05-09,-21.0,-15.0,-45.0,-32.0,-36.0,7.0
United States,Massachusetts,Suffolk County,2022-05-10,-19.0,-17.0,-44.0,-33.0,-35.0,6.0
United States,Massachusetts,Suffolk County,2022-05-11,-18.0,-18.0,-39.0,-32.0,-36.0,6.0
United States,Massachusetts,Suffolk County,2022-05-12,-17.0,-15.0,-32.0,-31.0,-36.0,6.0
United States,Massachusetts,Suffolk County,2022-05-13,-17.0,-17.0,-22.0,-31.0,-38.0,6.0
United States,Massachusetts,Suffolk County,2022-05-14,-11.0,-14.0,27.0,-12.0,-20.0,-2.0
United States,Massachusetts,Suffolk County,2022-05-15,-8.0,-18.0,6.0,-11.0,-18.0,0.0
United States,Massachusetts,Suffolk County,2022-05-16,-17.0,-13.0,-25.0,-31.0,-37.0,6.0
United States,Massachusetts,Suffolk County,2022-05-17,-18.0,-18.0,-34.0,-32.0,-36.0,6.0
United States,Massachusetts,Suffolk County,2022-05-18,-15.0,-18.0,-26.0,-29.0,-37.0,6.0
United States,Massachusetts,Suffolk County,2022-05-19,-21.0,-17.0,-48.0,-31.0,-38.0,7.0
United States,Massachusetts,Suffolk County,2022-05-20,-16.0,-16.0,-32.0,-30.0,-37.0,6.0
United States,Massachusetts,Suffolk County,2022-05-21,-8.0,-14.0,19.0,-9.0,-20.0,-1.0
United States,Massachusetts,Suffolk County,2022-05-22,-5.0,-20.0,25.0,-10.0,-18.0,-1.0
United States,Massachusetts,Suffolk County,2022-05-23,-16.0,-14.0,-26.0,-27.0,-37.0,6.0
United States,Massachusetts,Suffolk County,2022-05-24,-20.0,-19.0,-35.0,-31.0,-36.0,6.0
United States,Massachusetts,Suffolk County,2022-05-25,-19.0,-19.0,-28.0,-29.0,-37.0,6.0
United States,Massachusetts,Suffolk County,2022-05-26,-14.0,-12.0,-27.0,-28.0,-38.0,5.0
United States,Massachusetts,Suffolk County,2022-05-27,-10.0,-16.0,-23.0,-26.0,-40.0,5.0
United States,Massachusetts,Suffolk County,2022-05-28,-8.0,-17.0,-15.0,-11.0,-25.0,1.0
United States,Massachusetts,Suffolk County,2022-05-29,6.0,-16.0,68.0,-4.0,-21.0,-3.0
United States,Massachusetts,Suffolk County,2022-05-30,-18.0,-20.0,44.0,-42.0,-73.0,13.0
United States,Massachusetts,Suffolk County,2022-05-31,-21.0,-17.0,-39.0,-30.0,-38.0,6.0
United States,Massachusetts,Suffolk County,2022-06-01,-23.0,-19.0,-51.0,-31.0,-38.0,7.0
United States,Massachusetts,Suffolk County,2022-06-02,-22.0,-10.0,-41.0,-31.0,-38.0,6.0
United States,Massachusetts,Suffolk County,2022-06-03,-24.0,-15.0,-47.0,-32.0,-38.0,7.0
United States,Massachusetts,Suffolk County,2022-06-04,-13.0,-11.0,8.0,-13.0,-20.0,-2.0
United States,Massachusetts,Suffolk County,2022-06-05,-10.0,-15.0,12.0,-10.0,-19.0,-1.0
United States,Massachusetts,Suffolk County,2022-06-06,-17.0,-11.0,-19.0,-29.0,-37.0,6.0
United States,Massachusetts,Suffolk County,2022-06-07,-11.0,-13.0,-24.0,-28.0,-36.0,5.0
United States,Massachusetts,Suffolk County,2022-06-08,-10.0,-15.0,-24.0,-26.0,-37.0,6.0
United States,Massachusetts,Suffolk County,2022-06-09,-20.0,-13.0,-32.0,-31.0,-39.0,7.0
United States,Massachusetts,Suffolk County,2022-06-10,-14.0,-14.0,-20.0,-27.0,-38.0,5.0
United States,Massachusetts,Suffolk County,2022-06-11,-12.0,-12.0,16.0,-11.0,-20.0,-2.0
United States,Massachusetts,Suffolk County,2022-06-12,-9.0,-16.0,8.0,-10.0,-19.0,-1.0
United States,Massachusetts,Suffolk County,2022-06-13,-17.0,-11.0,-19.0,-28.0,-37.0,6.0
United States,Massachusetts,Suffolk County,2022-06-14,-14.0,-15.0,-17.0,-28.0,-36.0,5.0
United States,Massachusetts,Suffolk County,2022-06-15,-14.0,-15.0,-19.0,-26.0,-37.0,5.0
United States,Massachusetts,Suffolk County,2022-06-16,-12.0,-12.0,-23.0,-27.0,-38.0,5.0
United States,Massachusetts,Suffolk County,2022-06-17,-18.0,-17.0,-24.0,-28.0,-39.0,6.0
United States,Massachusetts,Suffolk County,2022-06-18,-11.0,-13.0,-4.0,-8.0,-21.0,-2.0
United States,Massachusetts,Suffolk County,2022-06-19,-11.0,-21.0,-33.0,-11.0,-21.0,0.0
United States,Massachusetts,Suffolk County,2022-06-20,-13.0,-14.0,4.0,-35.0,-55.0,10.0
United States,Massachusetts,Suffolk County,2022-06-21,-14.0,-17.0,-19.0,-27.0,-38.0,6.0
United States,Massachusetts,Suffolk County,2022-06-22,-13.0,-17.0,-22.0,-27.0,-39.0,6.0
United States,Massachusetts,Suffolk County,2022-06-23,-18.0,-13.0,-21.0,-26.0,-39.0,6.0
United States,Massachusetts,Suffolk County,2022-06-24,-20.0,-18.0,-21.0,-27.0,-41.0,6.0
United States,Massachusetts,Suffolk County,2022-06-25,-14.0,-15.0,38.0,-9.0,-21.0,-2.0
United States,Massachusetts,Suffolk County,2022-06-26,-11.0,-19.0,25.0,-9.0,-19.0,-2.0
United States,Massachusetts,Suffolk County,2022-06-27,-27.0,-23.0,-55.0,-31.0,-43.0,10.0
United States,Massachusetts,Suffolk County,2022-06-28,-15.0,-14.0,-13.0,-27.0,-42.0,6.0
United States,Massachusetts,Suffolk County,2022-06-29,-17.0,-18.0,-12.0,-26.0,-42.0,6.0
United States,Massachusetts,Suffolk County,2022-06-30,-17.0,-13.0,-8.0,-27.0,-43.0,5.0
United States,Massachusetts,Suffolk County,2022-07-01,-22.0,-12.0,-16.0,-31.0,-46.0,7.0
United States,Massachusetts,Suffolk County,2022-07-02,-21.0,-11.0,-2.0,-16.0,-25.0,0.0
United States,Massachusetts,Suffolk County,2022-07-03,-11.0,-12.0,37.0,-14.0,-25.0,-4.0
United States,Massachusetts,Suffolk County,2022-07-04,-23.0,-23.0,127.0,-41.0,-78.0,11.0
United States,Massachusetts,Suffolk County,2022-07-05,-23.0,-17.0,-37.0,-31.0,-47.0,8.0
United States,Massachusetts,Suffolk County,2022-07-06,-18.0,-15.0,-15.0,-30.0,-44.0,7.0
United States,Massachusetts,Suffolk County,2022-07-07,-16.0,-11.0,-15.0,-29.0,-44.0,6.0
United States,Massachusetts,Suffolk County,2022-07-08,-20.0,-18.0,-24.0,-31.0,-44.0,7.0
United States,Massachusetts,Suffolk County,2022-07-09,-11.0,-14.0,26.0,-13.0,-23.0,-2.0
United States,Massachusetts,Suffolk County,2022-07-10,-5.0,-17.0,24.0,-8.0,-20.0,-1.0
United States,Massachusetts,Suffolk County,2022-07-11,-18.0,-13.0,-10.0,-27.0,-44.0,6.0
United States,Massachusetts,Suffolk County,2022-07-12,-16.0,-19.0,-21.0,-27.0,-42.0,6.0
United States,Massachusetts,Suffolk County,2022-07-13,-18.0,-17.0,-9.0,-26.0,-43.0,6.0
United States,Massachusetts,Suffolk County,2022-07-14,-19.0,-14.0,-20.0,-28.0,-43.0,7.0
United States,Massachusetts,Suffolk County,2022-07-15,-19.0,-19.0,-14.0,-29.0,-44.0,8.0
United States,Massachusetts,Suffolk County,2022-07-16,-14.0,-16.0,23.0,-12.0,-22.0,-1.0
United States,Massachusetts,Suffolk County,2022-07-17,-14.0,-20.0,21.0,-11.0,-21.0,-1.0
United States,Massachusetts,Suffolk County,2022-07-18,-24.0,-19.0,-40.0,-29.0,-44.0,12.0
United States,Massachusetts,Suffolk County,2022-07-19,-17.0,-18.0,-13.0,-27.0,-42.0,12.0
United States,Massachusetts,Suffolk County,2022-07-20,-19.0,-19.0,-11.0,-27.0,-43.0,7.0
United States,Massachusetts,Suffolk County,2022-07-21,-20.0,-16.0,-13.0,-29.0,-43.0,7.0
United States,Massachusetts,Suffolk County,2022-07-22,-19.0,-19.0,-16.0,-27.0,-44.0,7.0
United States,Massachusetts,Suffolk County,2022-07-23,-16.0,-18.0,43.0,-10.0,-22.0,-1.0
United States,Massachusetts,Suffolk County,2022-07-24,-15.0,-25.0,25.0,-11.0,-22.0,0.0
United States,Massachusetts,Suffolk County,2022-07-25,-18.0,-15.0,-25.0,-28.0,-44.0,8.0
United States,Massachusetts,Suffolk County,2022-07-26,-11.0,-14.0,-12.0,-26.0,-42.0,6.0
United States,Massachusetts,Suffolk County,2022-07-27,-13.0,-18.0,-8.0,-25.0,-43.0,6.0
United States,Massachusetts,Suffolk County,2022-07-28,-12.0,-15.0,-19.0,-26.0,-43.0,6.0
United States,Massachusetts,Suffolk County,2022-07-29,-17.0,-14.0,-20.0,-28.0,-44.0,7.0
United States,Massachusetts,Suffolk County,2022-07-30,-13.0,-15.0,22.0,-12.0,-21.0,-2.0
United States,Massachusetts,Suffolk County,2022-07-31,-7.0,-19.0,18.0,-10.0,-19.0,-1.0
United States,Massachusetts,Suffolk County,2022-08-01,-17.0,-12.0,-17.0,-29.0,-43.0,7.0
United States,Massachusetts,Suffolk County,2022-08-02,-17.0,-14.0,-18.0,-29.0,-42.0,7.0
United States,Massachusetts,Suffolk County,2022-08-03,-17.0,-12.0,-14.0,-27.0,-43.0,6.0
United States,Massachusetts,Suffolk County,2022-08-04,-20.0,-14.0,-17.0,-29.0,-43.0,7.0
United States,Massachusetts,Suffolk County,2022-08-05,-22.0,-20.0,-39.0,-30.0,-45.0,8.0
United States,Massachusetts,Suffolk County,2022-08-06,-13.0,-15.0,9.0,-10.0,-22.0,-1.0
United States,Massachusetts,Suffolk County,2022-08-07,-16.0,-21.0,2.0,-11.0,-21.0,0.0
United States,Massachusetts,Suffolk County,2022-08-08,-20.0,-15.0,-22.0,-28.0,-44.0,7.0
United States,Massachusetts,Suffolk County,2022-08-09,-18.0,-21.0,-36.0,-28.0,-43.0,8.0
United States,Massachusetts,Suffolk County,2022-08-10,-12.0,-17.0,-20.0,-26.0,-42.0,6.0
United States,Massachusetts,Suffolk County,2022-08-11,-15.0,-13.0,-18.0,-26.0,-43.0,6.0
United States,Massachusetts,Suffolk County,2022-08-12,-17.0,-19.0,-21.0,-27.0,-44.0,7.0
United States,Massachusetts,Suffolk County,2022-08-13,-10.0,-14.0,23.0,-8.0,-22.0,-2.0
United States,Massachusetts,Suffolk County,2022-08-14,-7.0,-19.0,17.0,-7.0,-19.0,0.0
United States,Massachusetts,Suffolk County,2022-08-15,-17.0,-14.0,-17.0,-29.0,-44.0,10.0
United States,Massachusetts,Suffolk County,2022-08-16,-16.0,-18.0,-20.0,-29.0,-43.0,9.0
United States,Massachusetts,Suffolk County,2022-08-17,-19.0,-19.0,-34.0,-29.0,-44.0,10.0
United States,Massachusetts,Suffolk County,2022-08-18,-13.0,-12.0,-8.0,-26.0,-43.0,9.0
United States,Massachusetts,Suffolk County,2022-08-19,-18.0,-19.0,-17.0,-28.0,-45.0,9.0
United States,Massachusetts,Suffolk County,2022-08-20,-13.0,-16.0,20.0,-12.0,-22.0,1.0
United States,Massachusetts,Suffolk County,2022-08-21,-6.0,-20.0,13.0,-10.0,-21.0,0.0
United States,Massachusetts,Suffolk County,2022-08-22,-27.0,-23.0,-54.0,-31.0,-46.0,12.0
United States,Massachusetts,Suffolk County,2022-08-23,-18.0,-19.0,-41.0,-30.0,-44.0,11.0
United States,Massachusetts,Suffolk County,2022-08-24,-15.0,-19.0,-16.0,-27.0,-44.0,9.0
United States,Massachusetts,Suffolk County,2022-08-25,-14.0,-13.0,-10.0,-28.0,-44.0,8.0
United States,Massachusetts,Suffolk County,2022-08-26,-25.0,-24.0,-42.0,-32.0,-45.0,11.0
United States,Massachusetts,Suffolk County,2022-08-27,-7.0,-13.0,18.0,-6.0,-22.0,0.0
United States,Massachusetts,Suffolk County,2022-08-28,-4.0,-18.0,11.0,-7.0,-18.0,0.0
United States,Massachusetts,Suffolk County,2022-08-29,-17.0,-15.0,-21.0,-29.0,-44.0,8.0
United States,Massachusetts,Suffolk County,2022-08-30,-18.0,-19.0,-24.0,-31.0,-43.0,7.0
United States,Massachusetts,Suffolk County,2022-08-31,-19.0,-18.0,-27.0,-28.0,-45.0,6.0
United States,Massachusetts,Suffolk County,2022-09-01,-12.0,-9.0,-21.0,-26.0,-45.0,4.0
United States,Massachusetts,Suffolk County,2022-09-02,-15.0,-11.0,-29.0,-27.0,-46.0,6.0
United States,Massachusetts,Suffolk County,2022-09-03,-7.0,-9.0,13.0,-8.0,-24.0,-2.0
United States,Massachusetts,Suffolk County,2022-09-04,1.0,-14.0,16.0,-11.0,-22.0,-2.0
United States,Massachusetts,Suffolk County,2022-09-05,-29.0,-23.0,-59.0,-46.0,-74.0,18.0
United States,Massachusetts,Suffolk County,2022-09-06,-27.0,-20.0,-63.0,-28.0,-45.0,8.0
United States,Massachusetts,Suffolk County,2022-09-07,-13.0,-12.0,-32.0,-26.0,-42.0,5.0
United States,Massachusetts,Suffolk County,2022-09-08,-8.0,-8.0,-25.0,-24.0,-42.0,4.0
United States,Massachusetts,Suffolk County,2022-09-09,-19.0,-16.0,-23.0,-26.0,-42.0,5.0
United States,Massachusetts,Suffolk County,2022-09-10,-6.0,-10.0,25.0,-7.0,-19.0,-1.0
United States,Massachusetts,Suffolk County,2022-09-11,-12.0,-15.0,-18.0,-9.0,-18.0,1.0
United States,Massachusetts,Suffolk County,2022-09-12,-18.0,-11.0,-29.0,-24.0,-41.0,6.0
United States,Massachusetts,Suffolk County,2022-09-13,-17.0,-19.0,-45.0,-27.0,-41.0,6.0
United States,Massachusetts,Suffolk County,2022-09-14,-9.0,-13.0,-23.0,-23.0,-41.0,4.0
United States,Massachusetts,Suffolk County,2022-09-15,-16.0,-11.0,-30.0,-23.0,-41.0,4.0
United States,Massachusetts,Suffolk County,2022-09-16,-16.0,-16.0,-32.0,-24.0,-41.0,5.0
United States,Massachusetts,Suffolk County,2022-09-17,-5.0,-12.0,7.0,-6.0,-20.0,-1.0
United States,Massachusetts,Suffolk County,2022-09-18,-5.0,-15.0,0.0,-7.0,-18.0,0.0
United States,Massachusetts,Suffolk County,2022-09-19,-20.0,-15.0,-46.0,-24.0,-41.0,7.0
United States,Massachusetts,Suffolk County,2022-09-20,-21.0,-18.0,-47.0,-24.0,-40.0,6.0
United States,Massachusetts,Suffolk County,2022-09-21,-19.0,-17.0,-36.0,-24.0,-40.0,5.0
United States,Massachusetts,Suffolk County,2022-09-22,-26.0,-20.0,-57.0,-26.0,-42.0,8.0
United States,Massachusetts,Suffolk County,2022-09-23,-20.0,-16.0,-48.0,-24.0,-41.0,6.0
United States,Massachusetts,Suffolk County,2022-09-24,-10.0,-12.0,-8.0,-7.0,-19.0,-1.0
United States,Massachusetts,Suffolk County,2022-09-25,-11.0,-17.0,-24.0,-8.0,-19.0,1.0
United States,Massachusetts,Suffolk County,2022-09-26,-15.0,-13.0,-28.0,-22.0,-40.0,6.0
United States,Massachusetts,Suffolk County,2022-09-27,-16.0,-18.0,-36.0,-24.0,-38.0,5.0
United States,Massachusetts,Suffolk County,2022-09-28,-14.0,-17.0,-33.0,-24.0,-39.0,5.0
United States,Massachusetts,Suffolk County,2022-09-29,-15.0,-12.0,-35.0,-24.0,-38.0,5.0
United States,Massachusetts,Suffolk County,2022-09-30,-18.0,-16.0,-42.0,-25.0,-38.0,6.0
United States,Massachusetts,Suffolk County,2022-10-01,-13.0,-14.0,-35.0,-7.0,-20.0,1.0
United States,Massachusetts,Suffolk County,2022-10-02,-12.0,-19.0,-43.0,-10.0,-18.0,2.0
United States,Massachusetts,Suffolk County,2022-10-03,-14.0,-12.0,-45.0,-23.0,-37.0,6.0
United States,Massachusetts,Suffolk County,2022-10-04,-20.0,-17.0,-57.0,-26.0,-36.0,6.0
United States,Massachusetts,Suffolk County,2022-10-05,-22.0,-18.0,-58.0,-26.0,-39.0,8.0
United States,Massachusetts,Suffolk County,2022-10-06,-17.0,-10.0,-26.0,-23.0,-36.0,5.0
United States,Massachusetts,Suffolk County,2022-10-07,-19.0,-16.0,-27.0,-25.0,-38.0,5.0
United States,Massachusetts,Suffolk County,2022-10-08,-11.0,-14.0,-15.0,-6.0,-20.0,-1.0
United States,Massachusetts,Suffolk County,2022-10-09,-10.0,-20.0,-25.0,-8.0,-19.0,0.0
United States,Massachusetts,Suffolk County,2022-10-10,-20.0,-18.0,-39.0,-37.0,-59.0,12.0
United States,Massachusetts,Suffolk County,2022-10-11,-18.0,-17.0,-38.0,-23.0,-36.0,6.0
United States,Massachusetts,Suffolk County,2022-10-12,-18.0,-17.0,-28.0,-22.0,-36.0,5.0
United States,Massachusetts,Suffolk County,2022-10-13,-23.0,-16.0,-48.0,-23.0,-36.0,6.0
United States,Massachusetts,Suffolk County,2022-10-14,-24.0,-18.0,-49.0,-25.0,-37.0,8.0
United States,Massachusetts,Suffolk County,2022-10-15,-9.0,-12.0,-3.0,-2.0,-17.0,-1.0
